,Name,Brand,Type,Price,Color,Size,ProductImage,ProductURL
0,LUMPINEE SHORTS TRADITIONAL RIBBONS TIES BOWS MUAY THAI BEST-SELLER,Lumpinee,Shorts,From $34.00 USD,"Blue,Green,Pink,Red,White,Gold","XS,S,M,L,XL,2XL,3XL,4XL,5XL,6XL,Dark Blue,Light Blue",https://muaythaij.com/cdn/shop/products/lumpinee-blue-green-ribbons2_109bffe6-98e5-44f4-9788-73759d70a8ef.jpg?v=1659118519&width=533,https://muaythaij.com//products/lumpinee-shorts-muay-thai-boxing-ribbons-ties-bows
1,[YOUR NAME ON IT] LUMPINEE SHORTS TRADITIONAL RIBBONS TIES BOWS MUAY THAI BEST-SELLER,Lumpinee,Shorts,From $70.00 USD,"Blue,Green,White,Pink,Red,Silver,Black,Gold","XS,S,M,L,XL,2XL,3XL,4XL,5XL,6XL,Golden,Dark Blue,Light Pink,Light Blue",https://muaythaij.com/cdn/shop/products/lumpinee-blue-green-ribbons-custom.jpg?v=1659288920&width=533,https://muaythaij.com//products/your-name-on-it-lumpinee-shorts-muay-thai-boxing-ribbons-ties-bows
2,FAIRTEX HAND WRAPS HW2 COTTON FULL LENGTH ELASTIC,Fairtex,Boxing & MMA Hand Wraps,From $9.99 USD,"Black,Blue,Gray,Orange,Pink,Red,White,Yellow","180 inches,Cream,Mint Green,Olive Green,Thailand Flag",https://muaythaij.com/cdn/shop/files/hw2-black_eb2786e9-8fd7-4867-92c8-401807fbb344.jpg?v=1684262807&width=533,https://muaythaij.com//products/fairtex-hand-wraps-hw2-cotton-full-length-elastic
3,INFIGHTSTYLE SHORTS MONO NYLON LOTUS COLLECTION,InFightStyle,Shorts,$38.00 USD,"Beige,Black,Blue,Gray,Pink,Purple,Red,Green,Yellow","S,M,L,XL,2XL,Navy blue,Olive green,Sky blue,Light Purple,Rainbow",https://muaythaij.com/cdn/shop/files/INFIGHTSTYLESHORTSMONONYLONLOTUSCOLLECTION-black_d5b17759-c5dc-40e5-b241-54786e9a81d2.jpg?v=1683328230&width=533,https://muaythaij.com//products/infightstyle-shorts-mono-nylon-lotus-collection
4,NATIONMAN ANKLE SUPPORTS ELASTIC PROFESSIONAL,NationMan,Ankle Supports,$9.00 USD,"Black,Blue,Brown,Orange,Pink,Purple,Red,Yellow","Light Green,Teal",https://muaythaij.com/cdn/shop/products/nationman-ankle-support-brown_4e670dea-d700-43cd-8821-40371ac0c0a0.jpg?v=1658698586&width=533,https://muaythaij.com//products/nationman-ankle-supports-elastic
5,FAIRTEX GLOVES BGV1 LEATHER HOOK-AND-LOOP TIGHT-FIT UNIVERSAL SOLID COLOR,Fairtex,Boxing Gloves & Mitts,From $55.00 USD,"Black,Blue,Pink,Red,White,Yellow","4oz,6oz,8oz,10oz,12oz,14oz,16oz,18oz",https://muaythaij.com/cdn/shop/products/bgv1_black-1_1_44286de6-bf3e-4930-8ab1-12dc9cacbe94.jpg?v=1657486455&width=533,https://muaythaij.com//products/fairtex-gloves-bgv1-leather-hook-and-loop-tight-fit-universal-solid-color
6,LUMPINEE SHORTS TRADITIONAL SOFT STRINGS REAL MUAY THAI BOXING PROFESSIONAL,Lumpinee,Shorts,From $31.00 USD,"Black,Red,White,Blue","XS,S,M,L,XL,2XL,3xL,4XL,5XL,6XL",https://muaythaij.com/cdn/shop/files/lumpinee-c_1ff04d72-e452-4f05-b8dc-c9a4fe396ff8.jpg?v=1687587149&width=533,https://muaythaij.com//products/lumpinee-shorts-lum-003-real-muay-thai-boxing-professional
7,LUMPINEE SHORTS TRADITIONAL LUM-002 REAL MUAY THAI PROFESSIONAL,Lumpinee,Shorts,From $31.00 USD,"Black,Blue,Pink,Red","XS,S,M,L,XL,2XL,3XL,4XL,5XL,6XL,Navy blue",https://muaythaij.com/cdn/shop/files/WhatsAppImage2023-10-04at11.00.39_2d0eaa49-573e-4837-8466-ee467ffedd2b.jpg?v=1696392474&width=533,https://muaythaij.com//products/lumpinee-shorts-lum-002-real-muay-thai-professional
8,FAIRTEX GLOVES BGV14 MICROFIBER HOOK-AND-LOOP ART COLLECTIONS,Fairtex,Boxing Gloves & Mitts,From $54.00 USD,Black,"Painter,10oz,12oz,14oz,16oz,Polka Dot,Solid Black,Graffiti,Grunge,Blue Wave,Prism 1964,Minimalism Art,Red Wave,White Painter",https://muaythaij.com/cdn/shop/products/bgv14_black_white_painter_1_f4e54c5c-0d54-48c6-bcdc-74741346d3fa.jpg?v=1657487302&width=533,https://muaythaij.com//products/fairtex-gloves-bgv14-microfiber-hook-and-loop-1
9,INFIGHTSTYLE SHORTS FANCY LOTUS RETRO,InFightStyle,Shorts,$55.00 USD,"Blue,Green,Red,Orange,Pink,Yellow","XS,S,M,L,XL,2XL,3XL,Shocking Pink",https://muaythaij.com/cdn/shop/files/INFIGHTSTYLESHORTSFANCYLOTUSRETRO-green_f4b93cdd-0569-4e20-a0b0-1f666633be9c.jpg?v=1683326081&width=533,https://muaythaij.com//products/infightstyle-shorts-fancy-lotus-retro
10,LUMPINEE SHORTS TRADITIONAL LUM-051 REAL MUAY THAI PROFESSIONAL,Lumpinee,Shorts,From $31.00 USD,"Gold,Silver","XS,S,M,L,XL,2XL,3XL,4XL,5XL,6XL",https://muaythaij.com/cdn/shop/products/lumpinee-gold-ribbons_36d89c03-c6c6-4ab5-b535-504901ef7171.jpg?v=1659119386&width=533,https://muaythaij.com//products/lumpinee-shorts-lum-051-real-muay-thai-professional
11,FAIRTEX SHIN PROTECTION SP5 PADS GUARDS COMPETITION,Fairtex,Shin Protection,From $48.00 USD,"Black,Blue,Red,White,Yellow","S,M,L,XL",https://muaythaij.com/cdn/shop/products/sp5_red_2_1_c5e46900-6393-4ee8-a416-c9ad6dbe5bdf.jpg?v=1657499252&width=533,https://muaythaij.com//products/fairtex-shin-protection-sp5-pads-guards-competition
12,TKB HAND WRAPS TKHWR,TKB,Boxing & MMA Hand Wraps,From $9.99 USD,"Black,Green,Orange,Pink,Red,White","A Pair,Thailand Flag",https://muaythaij.com/cdn/shop/products/tkb-handwraps-black.jpg?v=1660668439&width=533,https://muaythaij.com//products/tkb-hand-wraps-tkhwr
13,FAIRTEX GLOVES BGL6 LEATHER LACE-UP PRO COMPETITION,Fairtex,Boxing Gloves & Mitts,From $56.00 USD,"Red,Blue","10oz,12oz,14oz,16oz,8oz",https://muaythaij.com/cdn/shop/products/bgl6_blue_website_1__5_2.jpg?v=1676784669&width=533,https://muaythaij.com//products/fairtex-gloves-bgl6-leather-lace-up-pro-competition
14,INFIGHTSTYLE SHORTS RT20 RETRO inFTSTL,InFightStyle,Shorts,$55.00 USD,"Black,Red,Blue,Yellow,Brown,Khaki,Navy","S,M,L,XL,2XL,Light Purple,Teal,Grape",https://muaythaij.com/cdn/shop/products/rt-20.new.teal.jpg?v=1676341213&width=533,https://muaythaij.com//products/infightstyle-shorts-rt20-retro-inftstl
15,INFIGHTSTYLE SHORTS NYLON REFLECTIVZ MUAY THAI BOXING FIGHTWEAR ASTRO,InFightStyle,Shorts,$55.00 USD,"Purple,Blue,Red,Navy,Pink,Yellow","XS,S,M,L,XL,2XL,3XL,Teal",https://muaythaij.com/cdn/shop/products/WhatsAppImage2022-07-04at8.28.26AM_f57df9fa-74c4-4264-8468-3c87257e42a3.jpg?v=1657561054&width=533,https://muaythaij.com//products/infightstyle-shorts-muay-thai-fs-premium-ivy-retro-1
16,INFIGHTSTYLE SHORTS RT20 RETRO,InFightStyle,Shorts,$55.00 USD,"Black,Blue,Gray,Green,Red,White,Yellow","S,M,L,XL,2XL,Dark Pink,Grape,Taupe,Teal",https://muaythaij.com/cdn/shop/files/INFIGHTSTYLESHORTSRT20RETRO-black_9849808f-1689-41d3-bc66-4b4db47ebee2.jpg?v=1683330039&width=533,https://muaythaij.com//products/infightstyle-shorts-rt20-retro
17,LUMPINEE SHORTS TRADITIONAL STRINGS REAL MUAY THAI PROFESSIONAL,Lumpinee,Shorts,From $31.00 USD,"Black,White,Blue,Green,Pink,Red","Shocking Pink,XS,S,M,L,XL,2XL,3XL,4XL,5XL,6XL",https://muaythaij.com/cdn/shop/products/LUMPINEE-SHORTS-LUM001-BLACK-WHITE_e0d9117e-0655-4a21-b3d1-5e7ec1e0a170.jpg?v=1671221918&width=533,https://muaythaij.com//products/lumpinee-shorts-lum-001-real-muay-thai-professional
18,FAIRTEX SHORTS BS1924 & BS1923 MUAY THAI RACER,Fairtex,Shorts,$32.00 USD,"Black,White","S,M,L,XL",https://muaythaij.com/cdn/shop/files/bs1923-website-1_1_61c847d4-e6f6-47a5-b5bb-0a3fa9ddab46.jpg?v=1699413049&width=533,https://muaythaij.com//products/fairtex-shorts-bs1924-muay-thai-racer
19,FAIRTEX LUGGAGE BAGS BAG2 - GYM BAG,Fairtex,Duffel Bags,$59.00 USD,"Black,Green,Khaki",,https://muaythaij.com/cdn/shop/products/bag2-vintage-_6__1.jpg?v=1657035009&width=533,https://muaythaij.com//products/fairtex-bags-bag2-gym-bag
20,FAIRTEX ANKLE SUPPORTS AS1,Fairtex,Ankle Supports,$15.00 USD,"Black,Blue,Red,Green,White,Pink",,https://muaythaij.com/cdn/shop/products/as1_black_blue_1_1.jpg?v=1656827195&width=533,https://muaythaij.com//products/fairtex-ankle-supports-as1
21,LUMPINEE SHORTS TRADITIONAL HARD ROUGH STRINGS REAL MUAY THAI CLASSIC,Lumpinee,Shorts,From $31.00 USD,Black,"XS,S,M,L,XL,2XL,3XL,4XL,5XL,6XL",https://muaythaij.com/cdn/shop/files/LUMPINEE-SHORTS-STRINGS-BLACK_03731ca5-cd6d-49ae-b2c0-902215a58d5c.jpg?v=1687587495&width=533,https://muaythaij.com//products/lumpinee-shorts-strings-real-muay-thai-classic
22,INFIGHTSTYLE SHORTS MUAY THAI PREMIUM FS BIG TICKET RETRO,InFightStyle,Shorts,$55.00 USD,"White,Red,Gray,Blue,Purple,Pink,Gold","Navy Blue,XS,S,M,L,XL,2XL,3XL",https://muaythaij.com/cdn/shop/products/G_A2.jpg?v=1668919948&width=533,https://muaythaij.com//products/infightstyle-shorts-muay-thai-premium-iftstl-retro-new
23,TW STADIUM SHORTS CLASSIC PROFESSIONAL COMPETITION,TW Stadium,Shorts,$55.00 USD,"Blue,Red,Pink","S,M,L,XL,2XL",https://muaythaij.com/cdn/shop/products/TWSTADIUM-SHORTS-BLUE.jpg?v=1671159042&width=533,https://muaythaij.com//products/tw-stadium-shorts-classic-professional-competition
24,INFIGHTSTYLE SHORTS NYLON LOTUS COLLECTION,InFightStyle,Shorts,$55.00 USD,"Black,Blue,Maroon","S,M,L,XL,2XL,3XL",https://muaythaij.com/cdn/shop/products/image_2400x_a698e9cd-e55e-4a12-ac32-20f12839377a.jpg?v=1664507508&width=533,https://muaythaij.com//products/infightstyle-shorts-nylon-lotus-collection
25,TKB SHIN PROTECTION TKSGP LEATHER HOOK-AND-LOOP,TKB,Shin Protection,$74.00 USD,"Black,Green,Red,Blue,Pink,White","S,M,L,XL",https://muaythaij.com/cdn/shop/products/TKSGP_22_copy_1_8095b9ae-d106-4c21-83b7-b8cf4d82f644.jpg?v=1660672757&width=533,https://muaythaij.com//products/tkb-shin-protection-tksgp-gl-leather-hook-and-loop
26,FAIRTEX GLOVES BGV9 LEATHER HOOK-AND-LOOP HEAVY HITTER’S MEXICAN STYLE,Fairtex,Boxing Gloves & Mitts,From $70.00 USD,"Black,Yellow,Blue,Pink,Red,White","10oz,12oz,14oz,16oz,Blue II",https://muaythaij.com/cdn/shop/products/bgv9_black_yellow_websit_e_1.jpg?v=1657490204&width=533,https://muaythaij.com//products/fairtex-gloves-bgv9-leather-hook-and-loop-heavy-hitter-s-mexican-style-two-color
27,LUMPINEE SHORTS RETRO LUMRTO-010 REAL MUAY THAI PROFESSIONAL,Lumpinee,Shorts,From $31.00 USD,"Black,Blue,Green,Pink,Red,Yellow,red","XS,S,M,L,XL,2XL,3XL,4XL,5XL,6XL,Navy blue,Shocking pink,Dark Green",https://muaythaij.com/cdn/shop/files/LUMPINEESHORTSLUMRTO-010REALMUAYTHAIPROFESSIONAL-black_0ce1a99c-f3ed-4953-9e30-c1bb15531a1a.jpg?v=1683272903&width=533,https://muaythaij.com//products/lumpinee-shorts-lumrto-010-real-muay-thai-professional
28,TKB GLOVES TKBGSA LEATHER HOOK-AND-LOOP SUPER AIR SINGLE TONE,TKB,Boxing Gloves & Mitts,From $80.00 USD,"Black,Blue,Pink,Red,White,Yellow","8oz,10oz,12oz,14oz,16oz",https://muaythaij.com/cdn/shop/products/TKBGSA_111_1.jpg?v=1660972761&width=533,https://muaythaij.com//products/tkb-gloves-tkbgsa-leather-hook-and-loop-super-air-single-tone
29,INFIGHTSTYLE SHORTS MUAY THAI FS UTILITY RETRO,InFightStyle,Shorts,$55.00 USD,"Red,Black","XS,S,M,L,XL,2XL,3XL,Daffodil,Harbor Blue,Cocoa Mocha",https://muaythaij.com/cdn/shop/products/IMG_6160_2400x_4e26b09a-061d-4cd8-bc15-c7c176775b3e.jpg?v=1660502474&width=533,https://muaythaij.com//products/infightstyle-shorts-muay-thai-fs-utility-retro-short-cocoa-mocha
30,FAIRTEX GLOVES BGV22 MICROFIBER HOOK-AND-LOOP METALLIC,Fairtex,Boxing Gloves & Mitts,From $75.00 USD,"Green,Purple,Red","8oz,10oz,12oz,14oz,16oz",https://muaythaij.com/cdn/shop/products/bgv22_purple_website_1__1_1_c4237b35-9f03-42a8-94f4-1e3e232106d2.jpg?v=1658597153&width=533,https://muaythaij.com//products/fairtex-gloves-bgv22-microfiber-hook-and-loop-metallic
31,FAIRTEX GLOVES BGV24 LEATHER HOOK-AND-LOOP LIMITED EDITION THE BEAUTY OF SURVIVAL,Fairtex,Boxing Gloves & Mitts,From $106.00 USD,,"Wooden Box,10oz,12oz,14oz,16oz,Nylon Bag",https://muaythaij.com/cdn/shop/products/image_5d4a8530-e51d-4d68-80b5-f8453239c2a5.webp?v=1657490410&width=533,https://muaythaij.com//products/fairtex-gloves-bgv24-leather-hook-and-loop-limited-edition-the-beauty-of-survival
32,LUMPINEE SHORTS RETRO MUAY THAI BOXING LUM-RETRO FLAG,Lumpinee,Shorts,From $34.00 USD,,"Thailand Flag,XS,S,M,L,XL,2XL,3XL,4XL,5XL,6XL",https://muaythaij.com/cdn/shop/files/LUMPINEESHORTSMUAYTHAIBOXINGLUM-RETROFLAG_9734ed5c-795a-4a41-85a5-462819e9749d.jpg?v=1683271596&width=533,https://muaythaij.com//products/lumpinee-shorts-muay-thai-boxing-lum-retro-thailand-flag
33,LUMPINEE SHORTS TRADITIONAL STRINGS THE BOXER REAL MUAY THAI PROFESSIONAL,Lumpinee,Shorts,From $31.00 USD,White,"XS,S,M,L,XL,2XL,3XL,4XL,5XL,6XL",https://muaythaij.com/cdn/shop/products/lumpinee-white-boxing_5c051ddf-8471-40ff-9a2c-da7cac8fb5a7.jpg?v=1659119971&width=533,https://muaythaij.com//products/lumpinee-shorts-lum-the-boxer-real-muay-thai-professional-white
34,"TKB GLOVES TKBGSC ""SUPER COMPETITION""  LEATHER  LACE UP",TKB,Boxing Gloves & Mitts,$88.00 USD,"White,Red,Black","10oz,12oz,8oz",https://muaythaij.com/cdn/shop/files/TKBGSC.jpg?v=1699672895&width=533,https://muaythaij.com//products/tkb-gloves-tkbgsc-super-competition-leather-lace-up
35,FAIRTEX SHORTS BS1925 MUAY THAI,Fairtex,Shorts,$32.00 USD,Black,"S,M,L,XL,XXL",https://muaythaij.com/cdn/shop/files/bs1925-website-1_1_1.jpg?v=1699188293&width=533,https://muaythaij.com//products/fairtex-shorts-bs1925-muay-thai
36,LUMPINEE SHORTS RETRO WILD TRIBE REAL MUAY THAI PROFESSIONAL,Lumpinee,Shorts,$31.00 USD,"Red,Black,White","XS,S,M,L,XL,2XL,3XL,4XL,5XL,6XL",https://muaythaij.com/cdn/shop/files/WhatsAppImage2023-10-04at13.04.42_1_b8656564-5b33-41de-8a5d-1d3c1cf05f33.jpg?v=1696908239&width=533,https://muaythaij.com//products/lumpinee-shorts-retro-wild-animal-real-muay-thai-professional
37,FAIRTEX SHORTS BS1920 MUAY THAI LAVA,Fairtex,Shorts,$32.00 USD,,"S,M,L,XL",https://muaythaij.com/cdn/shop/files/photo-temp.jpg?v=1693105796&width=533,https://muaythaij.com//products/fairtex-shorts-bs1920-muay-thai-lava
38,FAIRTEX ROPE BALL BEARING SKIPPING,Fairtex,,$16.00 USD,"Black,Blue,Pink,Red",Light Blue,https://muaythaij.com/cdn/shop/files/fairtex-rope-black_e193d8fe-6045-4d01-a37f-fa3fdbbe0cd4.jpg?v=1690527666&width=533,https://muaythaij.com//products/fairtex-rope-ball-bearing-skipping
39,MUAY THAI J HAND WRAPS MTJHWS,TKB,Boxing & MMA Hand Wraps,$8.50 USD,"Black,Red,White,Blue","A Pair,Thailand Flag",https://muaythaij.com/cdn/shop/files/WhatsAppImage2023-06-24at07.43.28_1_e104d484-7405-44b1-9619-586d1b4ffccc.jpg?v=1687615514&width=533,https://muaythaij.com//products/muay-thai-j-hand-wraps-mtjhws
40,LUMPINEE SHORTS TRADITIONAL RIBBONS BOXING STADIUM COLLECTION MUAY THAI PROFESSIONAL,Lumpinee,Shorts,From $31.00 USD,Red,"XS,S,M,L,XL,2XL,3XL,4XL,5XL,6XL",https://muaythaij.com/cdn/shop/files/lumpinee-ribbons-red_ffb5b44c-ca2f-4c84-a35b-142de37a3e61.jpg?v=1683779158&width=533,https://muaythaij.com//products/lumpinee-shorts-ribbons-stadium-collection-muay-thai-professional
41,LUMPINEE SHORTS RETRO LUMRTO-FAINTED REAL MUAY THAI PROFESSIONAL,Lumpinee,Shorts,From $31.00 USD,"Black,Blue,Green,Pink,Red","XS,S,M,L,XL,2XL,Navy blue",https://muaythaij.com/cdn/shop/products/LUMPINEE-SHORTS-LUMRTOFAINTED-NAVYBLUE_21ae673e-5dc5-4bca-a312-84018efa804e.jpg?v=1671223398&width=533,https://muaythaij.com//products/lumpinee-shorts-lumrto-fainted-real-muay-thai-professional
42,FAIRTEX GLOVES FGV18 SUPER SPARRING GRAPPLING MMA,Classic W,Boxing Gloves & Mitts,From $58.00 USD,"Black,Red,Blue,Yellow","S,M,L,XL",https://muaythaij.com/cdn/shop/products/FAIRTEX-GLOVES-FGV18-RED_9286de1c-893f-46ce-a234-ccf4d02c9f70.jpg?v=1671155750&width=533,https://muaythaij.com//products/fairtex-mma-fgv18-super-sparring-grappling-gloves
43,TKB GLOVES TKBGWT LEATHER HOOK-AND-LOOP WILD TIGER KING,TKB,Boxing Gloves & Mitts,From $84.00 USD,"Black,Blue,Green,Orange,Pink,Red,White,Yellow","10oz,12oz,14oz,16oz",https://muaythaij.com/cdn/shop/products/TKBGWT_YW_2_1_64773ff2-3b56-451a-9f0a-f04143ca27e9.jpg?v=1660979423&width=533,https://muaythaij.com//products/tkb-gloves-tkbgwt-leather-hook-and-loop-wild-tiger-king
44,FAIRTEX MONGKOL & ARMBAND MK6,Fairtex,MONGKOL & ARMBAND,$49.99 USD,"Black,Blue,Brown,Cyan,Purple,Green,Red,Yellow,Orange,White","Light Green,Thailand Flag,Vivid Green",https://muaythaij.com/cdn/shop/products/mk6-website-_1__1_0f890be5-24c3-4ab8-be0f-e0e46bc41686.jpg?v=1657564770&width=533,https://muaythaij.com//products/fairtex-mongkol-armband-mk6
45,FAIRTEX GLOVES BGV16 LEATHER HOOK-AND-LOOP BOXING,Fairtex,Boxing Gloves & Mitts,From $64.00 USD,"Green,Maroon,Orange,Khaki","10oz,12oz,14oz,16oz",https://muaythaij.com/cdn/shop/products/bgv16_green-1_1_1_18204e84-938b-4def-9b91-4535dce76996.jpg?v=1659326982&width=533,https://muaythaij.com//products/fairtex-gloves-bgv16-leather-hook-and-loop-boxing
46,FAIRTEX HAND WRAPS HW3 QUICK WEAR,Fairtex,Boxing & MMA Hand Wraps,$23.00 USD,"Black,Green,Pink,White","S,M,L,XL",https://muaythaij.com/cdn/shop/products/hw3_black_01_1.jpg?v=1656922918&width=533,https://muaythaij.com//products/fairtex-hand-wraps-hw3-quick-wear
47,FAIRTEX SHIN PROTECTION SP8 PADS GUARDS ULTIMATE,Fairtex,Shin Protection,From $58.00 USD,"Black,Blue,Brown,Red,White","S,M,L,XL",https://muaythaij.com/cdn/shop/products/sp8_red_02_4_1_f6306c85-60cf-4402-b9a4-da2b7d27414f.jpg?v=1657499190&width=533,https://muaythaij.com//products/fairtex-shin-protection-sp8-pads-guards-ultimate
48,FAIRTEX PUNCH MITTS FMV13 MICROFIBER MAXIMIZED FOCUS MITTS,Fairtex,Boxing & MMA Punch Mitts,$105.00 USD,"Black,Red,White,Blue",,https://muaythaij.com/cdn/shop/products/bgv13_red_blue_2_1.jpg?v=1656742767&width=533,https://muaythaij.com//products/fairtex-punch-mitts-fmv13-microfiber-maximized-focus-mitts
49,FAIRTEX SHORTS BS1706 LIME GREEN,Fairtex,Shorts,$35.00 USD,,"XS,S,M,L,XL,2XL,3XL",https://muaythaij.com/cdn/shop/products/bs1706_lime_green_01_26a0e82e-b31e-479a-955e-0a51a76fda28.jpg?v=1657560483&width=533,https://muaythaij.com//products/fairtex-shorts-bs1706-lime-green
50,FAIRTEX SHORTS BS1708 Black,Fairtex,Shorts,$35.00 USD,,"XS,S,M,L,XL,2XL,3XL",https://muaythaij.com/cdn/shop/products/bs1708_black_01_1_407cbb4d-3c77-4d0b-9445-7a99a6da24ea.jpg?v=1657560550&width=533,https://muaythaij.com//products/fairtex-shorts-bs1708-black
51,FAIRTEX SHORTS BS1710 BS1711  CAMO,Fairtex,Shorts,$35.00 USD,,"BS1710 Green,XS,S,M,L,XL,2XL,3XL,BS1711 Orange",https://muaythaij.com/cdn/shop/products/bs1710_green_camo_01_1_1639fa67-4fbb-4e59-9856-aa6849fc395c.jpg?v=1657492420&width=533,https://muaythaij.com//products/fairtex-shorts-bs1711-orange-camo
52,FAIRTEX SHORTS BS1712 VANORN,Fairtex,Shorts,$35.00 USD,,"XS,S,M,L,XL,2XL,3XL",https://muaythaij.com/cdn/shop/products/bs1712-vanorn-01_2c358c00-82c4-4277-8726-815d01ace115.jpg?v=1657560641&width=533,https://muaythaij.com//products/fairtex-shorts-bs1712-vanorn
53,FAIRTEX KICK PADS KPLC1 KPLC2 KPLC3 KPLC4 LEATHER HOOK-AND-LOOP CURVED,Fairtex,Kick Pads,From $106.00 USD,"Black,Blue,White","KPLC2,KPLC1,KPLC3,KPLC4",https://muaythaij.com/cdn/shop/products/kplc2_black_white_01_1_cdcb1d5d-be90-49da-b852-8273e71f25c3.jpg?v=1657498942&width=533,https://muaythaij.com//products/fairtex-kick-pads-kplc1-kplc2-kplc3-kplc4-leather-hook-and-loop-curved
54,FAIRTEX GLOVES BGV-PREMIUM LEATHER HOOK-AND-LOOP THE HEART OF WARRIOR TOM ATENCIO,Fairtex,Boxing Gloves & Mitts,$166.00 USD,,"Nylon Bag,10oz,12oz,14oz,16oz",https://muaythaij.com/cdn/shop/products/bgv-premium--x-tom-atencio-02_7869e2b3-0393-4af9-9105-2b9e5cfa879a.jpg?v=1657489155&width=533,https://muaythaij.com//products/fairtex-gloves-bgv-premium-leather-the-heart-of-warrior-tom-atencio
55,FAIRTEX GLOVES BGV14 MICROFIBER HOOK-AND-LOOP,Fairtex,Boxing Gloves & Mitts,From $54.00 USD,"Black,Blue,Gray,Pink,White,Red,Yellow","10oz,12oz,14oz,16oz",https://muaythaij.com/cdn/shop/products/bgv14_black_1_9bc462fb-052c-4466-9824-3687455742e7.jpg?v=1657490628&width=533,https://muaythaij.com//products/fairtex-gloves-bgv14-microfiber-hook-and-loop
56,INFIGHTSTYLE SHORTS MUAY THAI FS PREMIUM IVY RETRO,InFightStyle,Shorts,$38.00 USD,"Green,Pink,Blue","XS,S,M,L,XL,2XL,3XL",https://muaythaij.com/cdn/shop/products/image_87bf7c1b-6e72-4240-bdc5-42489c83f6e1_2400x_1.jpg?v=1667019825&width=533,https://muaythaij.com//products/infightstyle-shorts-muay-thai-fs-premium-ivy-retro-pale
57,FAIRTEX SHORTS BS1914 MUAY THAI ALMA,Fairtex,Shorts,$35.00 USD,,"XS,S,M,L,XL,2XL,3XL",https://muaythaij.com/cdn/shop/products/bs1914-website-_1__1_88730a36-eafe-42d0-b048-f76f240d2ded.jpg?v=1657561110&width=533,https://muaythaij.com//products/fairtex-shorts-bs1914-muay-thai-alma
58,TKB SHIN PROTECTION TKSGKN LEATHER HOOK-AND-LOOP KANOK,TKB,Shin Protection,$74.00 USD,"Beige,Black,White","S,M,L,XL,Olive Green",https://muaythaij.com/cdn/shop/products/TKSGKN_BK_3.jpg?v=1660673525&width=533,https://muaythaij.com//products/tkb-shin-protection-tksgkn-01-leather-hook-and-loop-kanok
59,FAIRTEX HAND WRAPS HW4 POLYESTER RUBBER FULL LENGTH ELASTIC,Fairtex,Boxing & MMA Hand Wraps,$19.99 USD,"Black,Gray,Pink",180 inches,https://muaythaij.com/cdn/shop/products/fairtex-hw4-black.jpg?v=1656465141&width=533,https://muaythaij.com//products/fairtex-hand-wraps-hw4-polyester-rubber-full-length-elastic
60,FAIRTEX BELLY PROTECTION BPV2 HOOK-AND-LOOP LIGHTWEIGHT PAD THE CHAMPION BELT,Fairtex,Belly Protection,$73.00 USD,"Black,Blue,Red,White",,https://muaythaij.com/cdn/shop/products/image.webp?v=1656391939&width=533,https://muaythaij.com//products/fairtex-belly-protection-bpv2-hook-and-loop-lightweight-pad-the-champion-belt
61,TKB BELLY PROTECTOR TKBPUV-02 ULTIMATE,TKB,Belly Protection,$74.00 USD,"Black,White","S,M,L,XL",https://muaythaij.com/cdn/shop/files/TKBPUV_02_F_copy.jpg?v=1701957821&width=533,https://muaythaij.com//products/tkb-belly-protector-tkbpuv-02-ultimate
62,"FAIRTEX RG6 ""NINLAPAT"" PRO LONG SLEEVES RASHGUARD",Fairtex,Shorts,$43.00 USD,,"S,M,L,XL",https://muaythaij.com/cdn/shop/files/rg6_ninlapat_05_1_1.jpg?v=1699409483&width=533,https://muaythaij.com//products/fairtex-rg6-ninlapat-pro-long-sleeves-rashguard
63,LUMPINEE SHORTS RETRO CHRISTMAS DAY REAL MUAY THAI PROFESSIONAL,Lumpinee,Shorts,From $31.00 USD,"Black,White","XS,S,M,L,XL,2XL,3XL,4XL,5XL,6XL",https://muaythaij.com/cdn/shop/files/WhatsApp-Image-2021-11-30-at-20.34.13.jpg?v=1698993640&width=533,https://muaythaij.com//products/lumpinee-shorts-retro-christmas-day-real-muay-thai-professional
64,LUMPINEE SHORTS custom order,Lumpinee,Shorts,$984.00 USD,Black,,https://muaythaij.com/cdn/shop/files/image_604a1849-aa0c-473b-a963-92747cfb17c1.jpg?v=1691242118&width=533,https://muaythaij.com//products/lumpinee-shorts-custom-order
65,FAIRTEX GLOVES BGV1 LEATHER HOOK-AND-LOOP TIGHT-FIT UNIVERSAL WILD ANIMAL,Fairtex,Boxing Gloves & Mitts,From $77.00 USD,,"Dalmatian,10oz,12oz,14oz,16oz,Zebra,Cougar,Tiger",https://muaythaij.com/cdn/shop/products/BGV1COUGAR.jpg?v=1668322996&width=533,https://muaythaij.com//products/fairtex-gloves-bgv1-leather-hook-and-loop-tight-fit-universal-wild-animal
66,TKB GLOVES TKBGSS-02 LEATHER HOOK-AND-LOOP SUPER SNAKE,TKB,Boxing Gloves & Mitts,From $84.00 USD,"Gold,Black,White,Silver","10oz,12oz,14oz,16oz",https://muaythaij.com/cdn/shop/products/TKBGSS_02_GOLD_1.jpg?v=1661211381&width=533,https://muaythaij.com//products/tkb-gloves-tkbgss-02-leather-hook-and-loop-super-snake
67,TKB GLOVES TKBGEA01 LEATHER HOOK-AND-LOOP X ELLE,TKB,Boxing Gloves & Mitts,From $84.00 USD,"Blue,Green,Orange,Pink,Purple,Red","10oz,12oz,14oz,16oz",https://muaythaij.com/cdn/shop/products/TKBGEA01_WH_GN_1_1_96727213-bd4e-4e8b-b1b6-0fe365fddb9c.jpg?v=1660980210&width=533,https://muaythaij.com//products/tkb-gloves-tkbgea01-leather-hook-and-loop-x-elle
68,TKB SHORTS TKTBS-230,TKB,Shorts,$42.00 USD,"Black,Blue,Khaki,Purple,Red","S,M,L,XL,2XL",https://muaythaij.com/cdn/shop/products/TKTBS_233_BK_1.jpg?v=1660716476&width=533,https://muaythaij.com//products/tkb-shorts-tktbs-230
69,"FAIRTEX GLOVES BGV21 LEATHER HOOK-AND-LOOP GENUINE BOXING ""LEGACY""",Fairtex,Boxing Gloves & Mitts,From $67.00 USD,,"With Packaging,10oz,12oz,14oz,16oz,Without Packaging",https://muaythaij.com/cdn/shop/products/bgv21_legacy_1_1.jpg?v=1657903573&width=533,https://muaythaij.com//products/fairtex-gloves-bgv21-leather-hook-and-loop-genuine-boxing-legacy
70,FAIRTEX SHORTS BS1910 GOLDEN RIVER,Fairtex,Shorts,$35.00 USD,,"XS,S,M,L,XL,2XL,3XL",https://muaythaij.com/cdn/shop/products/bs1910_01_429846cb-5c95-45ce-9320-de008d0f4b62.jpg?v=1657560731&width=533,https://muaythaij.com//products/fairtex-shorts-bs1910-golden-river
71,FAIRTEX GLOVES BGV9  BOXING LEATHER DELUXE,Fairtex,Boxing Gloves & Mitts,$70.00 USD,"Black,Red","10oz,12oz,14oz,16oz,Golden",https://muaythaij.com/cdn/shop/products/bgv19_black_01.jpg?v=1679873631&width=533,https://muaythaij.com//products/fairtex-gloves-bgv9-leather-hook-and-loop-heavy-hitter-s-mexican-style-one-color
72,INFIGHTSTYLE GLOVES SEMI LEATHER HOOK-AND-LOOP MUAY THAI BOXING PRO COMPACT,InFightStyle,Boxing Gloves & Mitts,$99.99 USD,"Black,Yellow,Red","8oz,10oz,12oz,14oz,16oz,Pale Green,Pale Purple,Neon Green,Navy Blue",https://muaythaij.com/cdn/shop/products/image_4e7ef612-d4cb-4d4d-b6ee-161456f44419.webp?v=1656516127&width=533,https://muaythaij.com//products/infightstyle-gloves-semi-leather-hook-and-loop-muay-thai-boxing-pro-compact
73,FAIRTEX GLOVES BGV1 LEATHER HOOK-AND-LOOP TIGHT-FIT UNIVERSAL DESIGN FALCON,Fairtex,Boxing Gloves & Mitts,$75.00 USD,,"With Packaging,10oz,12oz,14oz,16oz,Without Packaging",https://muaythaij.com/cdn/shop/products/bgv1_falcon_1_1_7a45aaad-6589-4304-ad04-52c0e0ae005e.jpg?v=1657490792&width=533,https://muaythaij.com//products/fairtex-gloves-bgv1-leather-hook-and-loop-tight-fit-universal-design-falcon
74,TKB GLOVES TKBGKN LEATHER HOOK-AND-LOOP KANOK,TKB,Boxing Gloves & Mitts,From $80.00 USD,"Beige,Black,White","8oz,10oz,12oz,14oz,16oz,Olive Green",https://muaythaij.com/cdn/shop/products/TKBGKN_BK_1_4f2c346c-7077-49d5-9984-4a8252ff9201.jpg?v=1660668811&width=533,https://muaythaij.com//products/tkb-gloves-tkbgkn-01-leather-hook-and-loop-kanok
75,TKB GLOVES TKBGCT-CN01 LEATHER HOOK-AND-LOOP HAPPINESS CHINESE,TKB,Boxing Gloves & Mitts,From $80.00 USD,"Black,Blue,Green,Red,White,Yellow","8oz,10oz,12oz,14oz,16oz",https://muaythaij.com/cdn/shop/products/TKBGCT_CN01_BK_1_984c48b7-4511-464e-94bf-91acc38903f3.jpg?v=1660666762&width=533,https://muaythaij.com//products/tkb-gloves-tkbgct-cn01-leather-hook-and-loop
76,FAIRTEX SHORTS BS1916 BS1917 MUAY THAI GOLDEN JUBILEE LUSTER,Fairtex,Shorts,$35.00 USD,,"BS1916,XS,S,M,L,XL,2XL,3XL,BS1917",https://muaythaij.com/cdn/shop/products/bs1916_luster_01_1_82254674-1912-435f-ab3b-64b556e8500f.jpg?v=1657493016&width=533,https://muaythaij.com//products/fairtex-shorts-bs1916-muay-thai-golden-jubilee-luster
77,TKB SHIN PROTECTION TKSGCT-CN01 LEATHER HOOK-AND-LOOP,TKB,Shin Protection,$74.00 USD,"Black,Blue,Red,White","S,M,L,XL",https://muaythaij.com/cdn/shop/products/TKSGCT-CN01-RD_8b01749b-82c4-4481-85db-38ddd1675a33.jpg?v=1660978571&width=533,https://muaythaij.com//products/tkb-shin-protection-tksgct-cn01-leather-hook-and-loop
78,INFIGHTSTYLE SHORTS MUAY THAI FS IVY SPLATTER RETRO,InFightStyle,Shorts,$55.00 USD,"Black,Blue,Purple,Red","S,M,L,XL,2XL",https://muaythaij.com/cdn/shop/products/image_94d00f6a-628d-4f14-b74c-1842d5de0d1f_2400x_1.jpg?v=1657497665&width=533,https://muaythaij.com//products/infightstyle-shorts-muay-thai-fs-ivy-splatter-retro
79,INFIGHTSTYLE SHORTS TRICOLOR NYLON LOTUS RETRO,InFightStyle,Shorts,$55.00 USD,,"Marengo,XS,S,M,L,XL,2XL,3XL",https://muaythaij.com/cdn/shop/products/image_2400x_e75642c7-ca41-4324-aa4a-de56c5beecc1.jpg?v=1657561211&width=533,https://muaythaij.com//products/infightstyle-shorts-tricolor-nylon-lotus-retro
80,LUMPINEE SHORTS TRADITIONAL LUM-049 REAL MUAY THAI PROFESSIONAL,Lumpinee,Shorts,From $31.00 USD,"Blue,Green,Red,White,Gold","XS,S,M,L,XL,2XL,3XL,4XL,5XL,6XL",https://muaythaij.com/cdn/shop/files/WhatsAppImage2023-06-24at08.15.32_4c307982-3844-4ffa-87ba-9edcaf47e701.jpg?v=1687613964&width=533,https://muaythaij.com//products/lumpinee-shorts-lum-049-real-muay-thai-professional
81,LUMPINEE SHORTS RETRO LUM-043 REAL MUAY THAI PROFESSIONAL,Lumpinee,Shorts,From $31.00 USD,"Blue,Red,White","XS,S,M,L,XL,2XL,3XL,4XL,5XL,6XL",https://muaythaij.com/cdn/shop/products/image_d7f8f5ae-4e28-41ff-aad0-35668c52119a.webp?v=1657863971&width=533,https://muaythaij.com//products/lumpinee-shorts-lum-043-real-muay-thai-professional
82,FAIRTEX SHORTS BS1930 MUAY THAI BLUE OCEAN,Fairtex,Shorts,$35.00 USD,,"XS,S,M,L,XL,2XL,3XL",https://muaythaij.com/cdn/shop/files/bs1930-website-1000x1000-_1__1.jpg?v=1705667103&width=533,https://muaythaij.com//products/fairtex-shorts-bs1930-muay-thai-blue-ocean
83,FAIRTEX SHORTS BS1933 BS1934 MUAY THAI WORLD MUSIC WHITE & BLACK,Fairtex,Shorts,$39.00 USD,"Black,White","S,M,L,XL,XXL",https://muaythaij.com/cdn/shop/files/bs1933-website-1000x1000-_1__1_1_1.jpg?v=1705665890&width=533,https://muaythaij.com//products/fairtex-shorts-bs1933-muay-thai-world-music
84,"FAIRTEX SHORTS BS1927 & BS1926 MUAY THAI  MAGMA 'GREEN' and ""RED""",Fairtex,Shorts,$35.00 USD,,"1926,XS,S,M,L,XL,2XL,3XL,1927",https://muaythaij.com/cdn/shop/files/bs1927-website-1000x1000-_1.jpg?v=1705665046&width=533,https://muaythaij.com//products/fairtex-shorts-bs1927-muay-thai-magma-green
85,INFIGHTSTYLE SHORTS MUAY THAI NEUTRAL RETRO COLLECTION,InFightStyle,Shorts,$55.00 USD,,"Candy,XS,S,M,L,XL,2XL,3XL,Waves,Myst,Leches",https://muaythaij.com/cdn/shop/files/IMG_7328_2400x_8ff1f95e-da01-4878-b618-baae7e92380c.jpg?v=1704945589&width=533,https://muaythaij.com//products/infightstyle-shorts-muay-thai-neutral-retro-collection
86,INFIGHTSTYLE GLOVES LEATHER HOOK-AND-LOOP CLASSIC MUAY THAI BOXING PRO NEW LOGO,InFightStyle,Boxing Gloves & Mitts,$109.99 USD,,"Teal,8oz,10oz,12oz,14oz,16oz,Light Blue,Olive Green",https://muaythaij.com/cdn/shop/files/IMG_7617_2400x_fa2b0867-2d7b-4e53-96a3-27a89f6703f5.jpg?v=1703197480&width=533,https://muaythaij.com//products/infightstyle-gloves-leather-hook-and-loop-classic-muay-thai-boxing-pro-new-logo-1
87,FAIRTEX SHORTS BS1921 MUAY THAI VOLCANO,Fairtex,Shorts,$32.00 USD,,"S,M,L,XL",https://muaythaij.com/cdn/shop/files/bs1921-website-_1__1.jpg?v=1702874394&width=533,https://muaythaij.com//products/fairtex-shorts-bs1921-muay-thai-volcano
88,TKB SHIN PROTECTION  JAPANESE CULTURE LEATHER HOOK-AND-LOOP,TKB,Shin Protection,$74.00 USD,Red,"S,M,L,XL",https://muaythaij.com/cdn/shop/files/TKSGJP.jpg?v=1699191007&width=533,https://muaythaij.com//products/copy-of-tkb-shin-protection-japanese-culture-leather-hook-and-loop
89,TKB GLOVES TKBGCT-CN SEMI LEATHER HOOK-AND-LOOP JAPANESE CULTURE,TKB,Boxing Gloves & Mitts,From $84.00 USD,"White,Red","10oz,12oz,14oz,16oz,8oz",https://muaythaij.com/cdn/shop/files/TKBGJP_WH_d544bd75-d12f-4446-b2a1-aae4bcc8e4c5.jpg?v=1699190849&width=533,https://muaythaij.com//products/tkb-gloves-tkbgct-cn-semi-leather-hook-and-loop-japanese-culture
90,FAIRTEX GLOVES BGVG3 GLORY KICKBOXING LEATHER HOOK-AND-LOOP PREMIUM,Fairtex,Boxing Gloves & Mitts,$109.00 USD,"Black,Silver,White","10oz,Golden,12oz,14oz,16oz,8oz",https://muaythaij.com/cdn/shop/files/bgvg3_black_silver_gold_3_1_1_1.jpg?v=1699189334&width=533,https://muaythaij.com//products/fairtex-gloves-bgvg3-glory-kickboxing-leather-hook-and-loop-premium
91,LUMPINEE SHORTS TRADITIONAL STRINGS  REAL MUAY THAI PROFESSIONAL,Lumpinee,Shorts,From $31.00 USD,"Black,Silver","XS,S,M,L,XL,2XL,3XL,4XL,5XL,6XL",https://muaythaij.com/cdn/shop/files/WhatsAppImage2023-10-04at11.05.17.jpg?v=1697959805&width=533,https://muaythaij.com//products/lumpinee-shorts-traditional-strings-real-muay-thai-professional
92,LUMPINEE SHORTS RETRO MUAY THAI BOXING LUM-RETRO FLAG2,Lumpinee,Shorts,From $27.00 USD,,"Thailand Flag,XS,S,M,L,XL,2XL,3XL,4XL,5XL,6XL",https://muaythaij.com/cdn/shop/files/WhatsAppImage2023-10-04at12.45.47_5b79a8ac-5172-40af-9d12-727bf921ed70.jpg?v=1696908564&width=533,https://muaythaij.com//products/lumpinee-shorts-retro-muay-thai-boxing-lum-retro-flag2
93,KRATHING  BOXING SHIN PROTECTION KTB-SG-003 LEATHER HOOK-AND-LOOP,KRATHING BOXING,Shin Protection,$59.00 USD,"Black,Blue,Red,White,Pink,Yellow,Gray,Orange,Brown,Maroon,Green","S,M,L,XL,Dark Gray",https://muaythaij.com/cdn/shop/files/IMG-2642.jpg?v=1696903238&width=533,https://muaythaij.com//products/krathing-boxing-shin-protection-ktb-sg-003-leather-hook-and-loop
94,INFIGHTSTYLE CLASSIC SHIN PROTECTION SEMI HOOK-AND-LOOP,InFightStyle,Shin Protection,$99.99 USD,Gray,"S,M,L,XL,Pale Pink,Pale Yellow",https://muaythaij.com/cdn/shop/files/WhatsAppImage2023-10-04at11.16.58.jpg?v=1696395408&width=533,https://muaythaij.com//products/infightstyle-classic-shin-protection-semi-hook-and-loop
95,KRATHING BOXING GLOVES KTB-BG-004  LEATHER HOOK-AND-LOOP,KRATHING BOXING,Boxing Gloves & Mitts,From $56.00 USD,"Black,Blue,Red,White,Green,Maroon,Gray,Brown,Yellow,Orange,Pink","8oz,10oz,12oz,14oz,16oz,Dark Gray,Dark Brown,Bege",https://muaythaij.com/cdn/shop/files/IMG-2729.jpg?v=1696953747&width=533,https://muaythaij.com//products/krathing-boxing-gloves-leather-hook-and-loop
96,Special order to Israel,Muay Thai J,,"$1,131.50 USD",,,https://muaythaij.com/cdn/shop/files/BB2ED78F-46F9-4EBA-931D-F655B6A2FDF4.jpg?v=1694160852&width=533,https://muaythaij.com//products/untitled-sep8_15-13
97,INFIGHTSTYLE SHORTS MUAY THAI BOXING FIGHTWEAR GYM RETRO ROYAL – ROSE GOLD,InFightStyle,Shorts,$55.00 USD,,"S,M,L,XL,2XL",https://muaythaij.com/cdn/shop/files/WhatsAppImage2023-10-04at11.07.56.jpg?v=1696392872&width=533,https://muaythaij.com//products/infightstyle-shorts-muay-thai-boxing-fightwear-gym-retro-royal-rose-gold
98,TKB SHORTS TKTBS-202,TKB,Shorts,$42.00 USD,White,"S,M,L,XL,2XL",https://muaythaij.com/cdn/shop/files/1582BEE9-F78F-4604-97ED-52414079B7B7.jpg?v=1693717830&width=533,https://muaythaij.com//products/tkb-shorts-tktbs-202
99,FAIRTEX SWEAT SUIT VS3 VINYL,Fairtex,Sweat Suit Set,$94.95 USD,"Brown,Blue,Gray,Red","S,M,L,XL,XXL",https://muaythaij.com/cdn/shop/files/vs3-black-gray-website-01_1_1.jpg?v=1693106832&width=533,https://muaythaij.com//products/fairtex-sweat-suit-vs3-vinyl
100,FAIRTEX SHORTS BS1919 MUAY THAI,Fairtex,Shorts,$32.00 USD,Red,"S,M,L,XL,XXL",https://muaythaij.com/cdn/shop/files/bs1919-rodtang-website-_1__8_1.jpg?v=1693106016&width=533,https://muaythaij.com//products/fairtex-shorts-bs1919-muay-thai
101,FAIRTEX GLOVES BGV PREMIUM MICRO FIBER HOOK-AND-LOOP YAMANTAKA,Fairtex,Boxing Gloves & Mitts,From $166.00 USD,,"With Packaging,10oz,12oz,14oz,16oz,Without Packaging",https://muaythaij.com/cdn/shop/files/bgv-premium-yamantaka-website-_1__1.jpg?v=1695788618&width=533,https://muaythaij.com//products/fairtex-gloves-bgv-premium-leather-hook-and-loop-yamantaka
102,FAIRTEX SHORTS BS-FUTURE-LAB-1 OCCASIONAL FAIRTEX X FUTURE LAB BOXING,Fairtex,Shorts,$69.99 USD,"Pink,Purple","S,M,L,XL,XXL",https://muaythaij.com/cdn/shop/files/bs-future_lab_pink_1_2_1.jpg?v=1693105275&width=533,https://muaythaij.com//products/fairtex-shorts-bs-future-lab-1-occasional-fairtex-x-future-lab-boxing
103,FAIRTEX GLOVES BGV27 MICROFIBER HOOK-AND-LOOP AMATEUR,Fairtex,Boxing Gloves & Mitts,$109.99 USD,"Black,Blue,Red,White","8oz,10oz,12oz,14oz,16oz",https://muaythaij.com/cdn/shop/files/bgv27-black-website-_1__1_1_f4c64d16-6883-4f98-b2c9-cb71caccee0a.jpg?v=1693104631&width=533,https://muaythaij.com//products/fairtex-gloves-bgv27-microfiber-hook-and-loop-amateur
104,"LUMPINEE SHORT CUSTOM ""RONINMUAYTHAI""",Muay Thai J,,$650.00 USD,,,https://muaythaij.com/cdn/shop/files/Screenshot2566-08-10at09.49.07.png?v=1691636393&width=533,https://muaythaij.com//products/lumpinee-short-custom-roninmuaythai
105,INFIGHTSTYLE SHORTS MUAY THAI FINISH LINE RETRO COLLECTION,InFightStyle,Shorts,$55.00 USD,"Gray,Blue,White,Orange,Purple,Black","XS,S,M,L,XL,2XL,3XL",https://muaythaij.com/cdn/shop/files/IMG_7366_2400x_3af0ba79-ef80-440c-a4d3-381ce0fcbc27.jpg?v=1704942625&width=533,https://muaythaij.com//products/infightstyle-shorts-muay-thai-finish-line-retro-collection
106,INFIGHTSTYLE SHORTS FS ORIGINALS,InFightStyle,Shorts,$55.00 USD,"Red,Navy,Black,Lavender","XS,S,M,L,XL,2XL,3XL,Neon Pink,Neon Blue",https://muaythaij.com/cdn/shop/files/IMG_7421_2400x_946939bd-6394-4130-b5fa-9f0b3b01c31c.jpg?v=1704944072&width=533,https://muaythaij.com//products/infightstyle-shorts-fs-originals
107,TW STADIUM  MUAYTHAIJ FIGHTING SHORTS,TW Stadium,Shorts,From $55.00 USD,White,"XS,S,M,L,XL,2XL,3XL,4XL,5XL",https://muaythaij.com/cdn/shop/files/WhatsAppImage2023-10-04at11.36.27.jpg?v=1696395941&width=533,https://muaythaij.com//products/tw-stadium-muaythaij-fighting-shorts
108,TKB SHIN PROTECTION CHINESE CULTURE LEATHER HOOK-AND-LOOP,TKB,Shin Protection,$74.00 USD,Red,"S,M,L,XL",https://muaythaij.com/cdn/shop/files/TKSGCT_CN.jpg?v=1686238535&width=533,https://muaythaij.com//products/tkb-shin-protection-chinese-culture-leather-hook-and-loop
109,TKB SHIN PROTECTION THAI CULTURE LEATHER HOOK-AND-LOOP,TKB,Shin Protection,$74.00 USD,,"Light Blue,S,M,L,XL",https://muaythaij.com/cdn/shop/files/TKSGCT_TH.jpg?v=1686238381&width=533,https://muaythaij.com//products/tkb-shin-protection-thai-culture-leather-hook-and-loop
110,TKB SHIN PROTECTION TKSGRS ROSE LEATHER HOOK-AND-LOOP,TKB,Shin Protection,$74.00 USD,"Black,White","S,M,L,XL",https://muaythaij.com/cdn/shop/files/TKSGRS_BK.jpg?v=1686237647&width=533,https://muaythaij.com//products/tkb-shin-protection-tksgrs-rose-leather-hook-and-loop
111,TKB SHIN PROTECTION TKSGEM-01 EMPOWER LEATHER HOOK-AND-LOOP,TKB,Shin Protection,$74.00 USD,"Black,Gold,White,Silver","S,M,L,XL",https://muaythaij.com/cdn/shop/files/TKSGEM_01_WH_GD.jpg?v=1686236912&width=533,https://muaythaij.com//products/tkb-shin-protection-tksgem-01-empower-leather-hook-and-loop
112,TKB SHIN PROTECTION TKSGSS-01 SUPER STAR LEATHER HOOK-AND-LOOP,TKB,Shin Protection,$74.00 USD,"Red,Blue,Gold,Silver","S,M,L,XL",https://muaythaij.com/cdn/shop/files/TKSGSS_01_BU.jpg?v=1686236347&width=533,https://muaythaij.com//products/tkb-shin-protection-tksgss-01-super-star-leather-hook-and-loop
113,TKB SHIN PROTECTION TKSGSS-02 SUPER SNAKE LEATHER HOOK-AND-LOOP,TKB,Shin Protection,$74.00 USD,"Black,Gold,White,Silver","S,M,L,XL",https://muaythaij.com/cdn/shop/files/TKSGSS_02_BK_GD_1.jpg?v=1686235967&width=533,https://muaythaij.com//products/tkb-shin-protection-tksgss-02-super-snake-leather-hook-and-loop
114,TKB SHIN PROTECTION BLEND-01 LEATHER HOOK-AND-LOOP,TKB,Shin Protection,$74.00 USD,"Black,Blue,Red,White,Yellow,Pink,Green,Orange","S,M,L,XL",https://muaythaij.com/cdn/shop/files/TKSGBL_01_21.jpg?v=1686235532&width=533,https://muaythaij.com//products/tkb-shin-protection-blend-01-leather-hook-and-loop
115,TKB SHIN PROTECTION TKSGWT WILD TIGER LEATHER HOOK-AND-LOOP,TKB,Shin Protection,$74.00 USD,"Black,Blue,Red,White,Yellow,Pink,Green,Orange","S,M,L,XL",https://muaythaij.com/cdn/shop/files/TKSGWT_WH.jpg?v=1686234501&width=533,https://muaythaij.com//products/tkb-shin-protection-tksgwt-wild-tiger-leather-hook-and-loop
116,DECHA KICK PADS DKPL10,Decha,Kick Pads,$87.00 USD,"Yellow,Gray,Orange,Green,Pink,Black","Light Blue,Wine",https://muaythaij.com/cdn/shop/files/DECHA-KICK-PADS-LIGHT-BLUE-YELLOW.png?v=1685939369&width=533,https://muaythaij.com//products/decha-kick-pads-dkpl10
117,TKB SHIN PROTECTION FULL IMPACT DOUBLE TONE TKSGFI LEATHER HOOK-AND-LOOP,TKB,Shin Protection,$74.00 USD,"Blue,Red,White,Silver,Orange,Green,Yellow,Gold,Pink","S,M,L,XL",https://muaythaij.com/cdn/shop/files/BKBU__2.jpg?v=1685860605&width=533,https://muaythaij.com//products/tkb-shin-protection-full-impact-double-tone-tksgfi-leather-hook-and-loop
118,TKB SHIN PROTECTION FULL IMPACT SINGLE TONE TKSGFI LEATHER HOOK-AND-LOOP,TKB,Shin Protection,$74.00 USD,"Black,Blue,Red,White","S,M,L,XL",https://muaythaij.com/cdn/shop/files/BKBK.jpg?v=1685860416&width=533,https://muaythaij.com//products/tkb-shin-protection-full-impact-single-tone-tksgfi-leather-hook-and-loop
119,TKB GLOVES FULL IMPACT DOUBLE TONE TKBGFI  LEATHER HOOK-AND-LOOP,TKB,Boxing Gloves & Mitts,From $84.00 USD,"Black,Blue,Green,Pink,Red,White,Yellow,Orange,Silver","10oz,12oz,14oz,16oz,Golden",https://muaythaij.com/cdn/shop/files/BKWH.jpg?v=1685693583&width=533,https://muaythaij.com//products/tkb-gloves-full-impact-double-tone-tkbgfi-leather-hook-and-loop
120,TKB GLOVES FULL IMPACT SINGLE TONE TKBGFI-YW LEATHER HOOK-AND-LOOP,TKB,Boxing Gloves & Mitts,From $84.00 USD,"Black,Blue,Green,Pink,Red,White,Yellow","10oz,12oz,14oz,16oz",https://muaythaij.com/cdn/shop/files/BK.jpg?v=1685693093&width=533,https://muaythaij.com//products/tkb-gloves-full-impact-single-tone-tkbgfi-yw-leather-hook-and-loop
121,FAIRTEX SACK BAG BAG6,Fairtex,Duffel Bags,$14.00 USD,"Blue,Black,Pink,Orange",Green Lime,https://muaythaij.com/cdn/shop/files/download.jpg?v=1684125389&width=533,https://muaythaij.com//products/fairtex-sack-bag-bag6
122,TKB ANKLE SUPPORTS TKANG-02,TKB,Ankle Supports,$14.00 USD,"Black,Red,Blue","S,M,L",https://muaythaij.com/cdn/shop/files/image_c08818ff-8dff-4fb9-a2d2-c03bc8846d0e.jpg?v=1684064097&width=533,https://muaythaij.com//products/tkb-ankle-support-tkang-02
123,TKB ANKLE SUPPORTS TKANG-01,TKB,Ankle Supports,$9.00 USD,"Black,Red,Blue","S,M,L",https://muaythaij.com/cdn/shop/files/image_fcde8109-7799-4b56-ac53-7c47bed6fb75.jpg?v=1684063032&width=533,https://muaythaij.com//products/tkb-ankle-support-tkang-01
124,LUMPINEE SHORTS RETRO 2 REAL MUAY THAI PROFESSIONAL,Lumpinee,Shorts,From $31.00 USD,Green,"XS,S,M,L,XL,2XL,3XL,4XL,5XL,6XL",https://muaythaij.com/cdn/shop/files/WhatsAppImage2023-05-11at11.19.22.jpg?v=1683779474&width=533,https://muaythaij.com//products/lumpinee-shorts-retro-2-real-muay-thai-professional
125,"TKB KICK PADS TKKPE ""EXTREME"" CURVE SINGLE STRAP",TKB,Kick Pads,$130.00 USD,"White,Black",,https://muaythaij.com/cdn/shop/files/tkbkickpadswhite_1.jpg?v=1683609403&width=533,https://muaythaij.com//products/tkb-kick-pads-tkkpe-extreme-curve-single-strap
126,TKB KICK PADS TKKPS CURVE SINGLE STRAP,TKB,Kick Pads,$130.00 USD,"Black,Yellow",,https://muaythaij.com/cdn/shop/files/tkbkickpads.jpg?v=1683609200&width=533,https://muaythaij.com//products/tkb-kick-pads-tkkps-curve-single-strap
127,INFIGHTSTYLE KICK PADS PREMIUM LEATHER  DOUBLE-STRAP,InFightStyle,Kick Pads,$164.00 USD,"White,Blue,Red",,https://muaythaij.com/cdn/shop/files/INFIGHTSTYLEKICKPADSLEATHERPREMIUMDOUBLE-STRAP.jpg?v=1683608667&width=533,https://muaythaij.com//products/infightstyle-kick-pads-premium-leather-double-strap
128,INFIGHTSTYLE GLOVES LEATHER LACE-UP MUAY THAI BOXING PRO,InFightStyle,Boxing Gloves & Mitts,$109.99 USD,"Beige,Black,Purple,Gray,White",10oz,https://muaythaij.com/cdn/shop/files/IMG-2376.jpg?v=1696393650&width=533,https://muaythaij.com//products/infightstyle-gloves-leather-lace-up-muay-thai-boxing-pro-1
129,TKB GLOVES TKBGFV LEATHER HOOK-AND-LOOP COUNTRY FLAG,TKB,Boxing Gloves & Mitts,From $84.00 USD,,"Thailand Flag,10oz,12oz,14oz,16oz,USA Flag,UK Flag",https://muaythaij.com/cdn/shop/products/TKBGFV_THAI_FLAG.jpg?v=1680915404&width=533,https://muaythaij.com//products/copy-of-tkb-gloves-tkbgfv-leather-hook-and-loop-country-flag
130,TKB GLOVES TKBGSS-02A LEATHER HOOK-AND-LOOP SUPER SNAKE AIR,TKB,Boxing Gloves & Mitts,From $84.00 USD,"Gold,Black,White,Silver","10oz,12oz,14oz,16oz",https://muaythaij.com/cdn/shop/products/TKBGSS_02A_WH_GD_1_96bd1ff6-145a-463e-878e-7ab43a6baf43.jpg?v=1680915058&width=533,https://muaythaij.com//products/tkb-gloves-tkbgss-02a-leather-hook-and-loop-super-snake-air
131,TKB GLOVES TKBGSS-02A LEATHER HOOK-AND-LOOP SUPER SNAKE,TKB,Boxing Gloves & Mitts,From $84.00 USD,"Gold,Black,White,Silver","10oz,12oz,14oz,16oz",https://muaythaij.com/cdn/shop/products/TKBGSS_02A_BK_GD_ca7080e7-819d-4c0e-8a7c-1929663e139e.jpg?v=1680915135&width=533,https://muaythaij.com//products/tkb-gloves-tkbgss-02a-leather-hook-and-loop-super-snake
132,TKB GLOVES TKBGSV LEATHER HOOK-AND-LOOP SUPER TRIPLE TONE,TKB,Boxing Gloves & Mitts,From $80.00 USD,"Black,White,Red,Blue,Pink,Yellow","8oz,10oz,12oz,14oz,16oz",https://muaythaij.com/cdn/shop/products/TKBGSV_132_3_8888acf4-a198-4560-8d47-54ce09e63c55.jpg?v=1680915066&width=533,https://muaythaij.com//products/tkb-gloves-tkbgsv-leather-hook-and-loop-super-triple-tone
133,TKB GLOVES TKBGSV LEATHER HOOK-AND-LOOP SUPER DOUBLE TONE,TKB,Boxing Gloves & Mitts,From $80.00 USD,"Black,White,Blue,Pink,Red,Yellow","8oz,10oz,12oz,14oz,16oz",https://muaythaij.com/cdn/shop/products/TKBGSV_133_b05604a5-93f9-4547-a321-ab00a7ad521c.jpg?v=1680914989&width=533,https://muaythaij.com//products/copy-of-tkb-gloves-tkbgsv-leather-hook-and-loop-super-double-tone
134,TKB GLOVES TKBGDG LEATHER HOOK-AND-LOOP,TKB,Boxing Gloves & Mitts,From $84.00 USD,"Red,Black,White,Yellow","10oz,12oz,14oz,16oz",https://muaythaij.com/cdn/shop/products/TKBGDG_322_067cef37-8494-4deb-8c6d-266b229d68f3.jpg?v=1680914879&width=533,https://muaythaij.com//products/tkb-gloves-tkbgdg-leather-hook-and-loop
135,INFIGHTSTYLE WORKOUT BAGS LEATHER PROFESSIONAL EXCLUSIVE - UNFILLED,InFightStyle,Workout-Bags,$300.00 USD,White,,https://muaythaij.com/cdn/shop/products/ifs-leather-bag2.jpg?v=1677437845&width=533,https://muaythaij.com//products/infightstyle-workout-bags-leather-professional-exclusive
136,INFIGHTSTYLE LONG FOCUS MITTS LEATHER,TKB,Boxing & MMA Punch Mitts,$142.00 USD,"Red,Black,Blue",,https://muaythaij.com/cdn/shop/products/LINE_ALBUM_220814_108_2400x_ea51c3d8-ed86-41fa-b5ad-1c868c54c007.jpg?v=1676778367&width=533,https://muaythaij.com//products/infightstyle-long-focus-mitts-leather
137,INFIGHTSTYLE KICK PADS SEMI LEATHER DOUBLE-STRAP 2,InFightStyle,Kick Pads,$159.99 USD,"Black,Gray,Pink",Pale Green,https://muaythaij.com/cdn/shop/files/WhatsAppImage2023-06-27at02.54.43_6d42b9f6-4f2a-42d9-8670-22affa74f56a.jpg?v=1687927759&width=533,https://muaythaij.com//products/infightstyle-kick-pads-semi-leather-double-strap-2
138,HEAD PROTECTION HG17 PRO SPARRING HEAD GUARD,Fairtex,Head Protection,$90.00 USD,"Red,Green,Purple","M,L,XL,S",https://muaythaij.com/cdn/shop/products/hg17-red-_2__5_2f8aeb08-c48f-4a1e-a37b-6b7bec45c076.jpg?v=1676346972&width=533,https://muaythaij.com//products/head-protection-hg17-full-face-protector-headguard
139,"FAIRTEX MMA FGV12 ULTIMATE COMBAT GLOVES WITH ""OPEN THUMB LOOP""",Classic W,Boxing Gloves & Mitts,From $50.00 USD,"Red,Black,Blue","S,M,L,XL",https://muaythaij.com/cdn/shop/products/fgv12-red-2_1_3.jpg?v=1667924520&width=533,https://muaythaij.com//products/fairtex-mma-ultimate-combat-gloves-with-open-thumb-loop
140,INFIGHTSTYLE GLOVES LEATHER HOOK-AND-LOOP CLASSIC MUAY THAI BOXING PRO NEW LOGO,InFightStyle,Boxing Gloves & Mitts,$109.99 USD,"Black,White,Blue,Red","8oz,10oz,12oz,14oz,16oz",https://muaythaij.com/cdn/shop/products/IMG_7165.jpg?v=1668918911&width=533,https://muaythaij.com//products/infightstyle-gloves-leather-hook-and-loop-classic-muay-thai-boxing-pro-new-logo
141,INFIGHTSTYLE KICK PADS LEATHER CLASSIC SINGLE-BUCKLE-STRAIGHT,InFightStyle,Kick Pads,$164.00 USD,"Black,White",,https://muaythaij.com/cdn/shop/files/image_377978f0-319c-4adf-b694-a699a55fe4ff.jpg?v=1687927483&width=533,https://muaythaij.com//products/infightstyle-kick-pads-leather-premium-single-buckle-straight
142,INFIGHTSTYLE BELLY PROTECTION  LEATHER HOOK-AND-LOOP,InFightStyle,Belly Protection,$115.00 USD,"Black,Red,Blue","S,M,L",https://muaythaij.com/cdn/shop/products/EQUIPMENT_COVID_200615_0050_2400x_b5a84338-5f78-4471-a675-9f029008fb84.jpg?v=1676774827&width=533,https://muaythaij.com//products/infightstyle-belly-protection-leather-hook-and-loop
143,FAIRTEX - VS2 SWEAT SUIT,Fairtex,Sweat Suit Set,$57.00 USD,"Black,Green,Red,Blue","S,M,L,XL",https://muaythaij.com/cdn/shop/products/FAIRTEX-VS2.jpg?v=1677439779&width=533,https://muaythaij.com//products/fairtex-vs2-sweat-suit
144,FAIRTEX BACKPACKS BAG4,Fairtex,Backpacks,$69.00 USD,"Black,Green",,https://muaythaij.com/cdn/shop/products/bag4_black_05_1_1_1.jpg?v=1663736711&width=533,https://muaythaij.com//products/fairtex-backpacks-bag4
145,INFIGHTSTYLE KICK PADS SEMI LEATHER DOUBLE-STRAP,InFightStyle,Kick Pads,$159.99 USD,,"Pale Purple,Pale Green",https://muaythaij.com/cdn/shop/products/image_64c580b5-51b8-465f-9d3b-c5c205f0b63e.jpg?v=1661666954&width=533,https://muaythaij.com//products/infightstyle-kick-pads-semi-leather-double-strap
146,INFIGHTSTYLE KICK PADS LEATHER PREMIUM SINGLE-BUCKLE,InFightStyle,Kick Pads,$164.00 USD,,Teal,https://muaythaij.com/cdn/shop/products/fairtex-kick-pads-light-blue-single.jpg?v=1661667224&width=533,https://muaythaij.com//products/infightstyle-kick-pads-leather-premium-single-buckle
147,INFIGHTSTYLE KICK PADS LEATHER PREMIUM DOUBLE-BUCKLE,InFightStyle,Kick Pads,$164.00 USD,,Teal,https://muaythaij.com/cdn/shop/products/fairtex-kick-pads-light-blue-double.jpg?v=1661667132&width=533,https://muaythaij.com//products/nfightstyle-kick-pads-leather-premium-double-buckle
148,FAIRTEX GLOVES BGV20 LEATHER HOOK-AND-LOOP GENUINE BOXING,Fairtex,Boxing Gloves & Mitts,$75.00 USD,,"Pastel Blue,10oz,12oz,14oz,16oz",https://muaythaij.com/cdn/shop/products/bgv20_light_blue_1_1.jpg?v=1661315741&width=533,https://muaythaij.com//products/fairtex-gloves-bgv20-leather-hook-and-loop-genuine-boxing
149,TKB PUNCH MITTS TKFMP FOCUS PROFESSIONAL,TKB,Boxing & MMA Punch Mitts,$81.00 USD,"Black,Red",,https://muaythaij.com/cdn/shop/products/TKFMP-RED_717fccc8-7790-436d-81c0-7771d09f724a.jpg?v=1661218453&width=533,https://muaythaij.com//products/tkb-punch-mitts-tkfmp-focus-professional
150,TKB PUNCH MITTS TKFME-01 FOCUS,TKB,Boxing & MMA Punch Mitts,$104.00 USD,"Black,Red,Blue,White,Yellow,Pink,Green",,https://muaythaij.com/cdn/shop/products/TKFME_01_23_1_2400c33b-a552-49c6-ad83-9ab610804e16.jpg?v=1661216402&width=533,https://muaythaij.com//products/tkb-punch-mitts-tkfme-01-focus
151,TKB GLOVES TKBGCT-CN SEMI LEATHER HOOK-AND-LOOP CHINESE CULTURE,TKB,Boxing Gloves & Mitts,From $84.00 USD,"Black,White","10oz,12oz,14oz,16oz",https://muaythaij.com/cdn/shop/products/TKBGCT_CN_WH_1.jpg?v=1661214111&width=533,https://muaythaij.com//products/tkb-gloves-tkbgct-cn-leather-hook-and-loop-chinese-culture
152,TKB GLOVES TKBGCT-TH SEMI LEATHER HOOK-AND-LOOP THAI CULTURE,TKB,Boxing Gloves & Mitts,From $84.00 USD,"Black,White","10oz,12oz,14oz,16oz",https://muaythaij.com/cdn/shop/products/TKBGCT_TH_WH_1.jpg?v=1661213811&width=533,https://muaythaij.com//products/tkb-gloves-tkbgct-th-leather-hook-and-loop-thai-culture
153,TKB GLOVES TKBGSS-01A LEATHER HOOK-AND-LOOP SUPER STAR AIR,TKB,Boxing Gloves & Mitts,From $84.00 USD,"Blue,Gold,Red,Silver","10oz,12oz,14oz,16oz",https://muaythaij.com/cdn/shop/products/TKBGSS_01A_RD_1.jpg?v=1661213488&width=533,https://muaythaij.com//products/tkb-gloves-tkbgss-01a-leather-hook-and-loop-super-star-air
154,TKB GLOVES TKBGSS-01 LEATHER HOOK-AND-LOOP SUPER STAR,TKB,Boxing Gloves & Mitts,From $84.00 USD,"Blue,Gold,Red,Silver","10oz,12oz,14oz,16oz",https://muaythaij.com/cdn/shop/products/TKBGSS_01_RD_1.jpg?v=1661212992&width=533,https://muaythaij.com//products/tkb-gloves-tkbgss-leather-hook-and-loop-super-star
155,TKB GLOVES TKBGRS LEATHER HOOK-AND-LOOP ROSE,TKB,Boxing Gloves & Mitts,From $84.00 USD,"White,Black","10oz,12oz,14oz,16oz",https://muaythaij.com/cdn/shop/products/TKBGRS_1.jpg?v=1661212500&width=533,https://muaythaij.com//products/tkb-gloves-tkbgrs-leather-hook-and-loop-rose
156,TKB GLOVES TKBGEA02-WH LEATHER HOOK-AND-LOOP X ELLE COLOR THERAPY,TKB,Boxing Gloves & Mitts,From $84.00 USD,"Blue,Green,Orange,Pink,Purple,Red,White","10oz,12oz,14oz,16oz",https://muaythaij.com/cdn/shop/products/TKBGEA02_RD_WH_1_abde99e5-8bd0-45db-830b-b99d43b89a7f.jpg?v=1661206131&width=533,https://muaythaij.com//products/tkb-gloves-tkbgea02-wh-leather-hook-and-loop-x-elle-color-therapy
157,TKB GLOVES TKBGEA02-BK LEATHER HOOK-AND-LOOP X ELLE COLOR THERAPY,TKB,Boxing Gloves & Mitts,From $84.00 USD,"Black,Blue,Green,Orange,Pink,Purple,Red","10oz,12oz,14oz,16oz",https://muaythaij.com/cdn/shop/products/TKBGEA02_RD_BK_1_70327561-fb3c-4e01-856d-9abc4f274bbd.jpg?v=1661204976&width=533,https://muaythaij.com//products/tkb-gloves-tkbgea02-bk-leather-hook-and-loop-x-elle
158,INFIGHTSTYLE GLOVES LEATHER HOOK-AND-LOOP CLASSIC MUAY THAI BOXING PRO,InFightStyle,Boxing Gloves & Mitts,$109.99 USD,"Purple,Yellow,Black","8oz,10oz,12oz,14oz,16oz",https://muaythaij.com/cdn/shop/products/image_3d74ee67-f79c-4e5c-819e-57e7253aa07c.jpg?v=1661203715&width=533,https://muaythaij.com//products/infightstyle-gloves-leather-classic-muay-thai-boxing-pro
159,INFIGHTSTYLE PUNCH MITTS  SEMI LEATHER HOOK-AND-LOOP,InFightStyle,Boxing & MMA Punch Mitts,$150.00 USD,,Pastel Green,https://muaythaij.com/cdn/shop/products/image_2c77ce5c-a7e9-4f6c-84b7-2319020a08b2.jpg?v=1661204178&width=533,https://muaythaij.com//products/infightstyle-hybrid-mitts-semi-leather-hook-and-loop
160,TKB GLOVES TKBGBL01-LC LEATHER LACE-UP BLEND 01,TKB,Boxing Gloves & Mitts,From $84.00 USD,"Blue,Red","10oz,12oz,14oz,16oz",https://muaythaij.com/cdn/shop/products/TKBGBL_LU_RD_1_12e270c3-1903-4ec7-9d35-13f82458d783.jpg?v=1660978966&width=533,https://muaythaij.com//products/tkb-gloves-tkbgbl01-lc-leather-lace-up-blend-01
161,TKB GLOVES TKBGBL-01 LEATHER HOOK-AND-LOOP BLEND 01,TKB,Boxing Gloves & Mitts,From $84.00 USD,"Black,Blue,Green,Pink,Red,White,Yellow","10oz,12oz,14oz,16oz",https://muaythaij.com/cdn/shop/products/TKBGBL_01_252_1.jpg?v=1660973611&width=533,https://muaythaij.com//products/tkb-gloves-tkbgbl-01-leather-hook-and-loop-blend-01
162,TKB GLOVES TKBGBL-02 LEATHER HOOK-AND-LOOP BLEND 02,TKB,Boxing Gloves & Mitts,From $84.00 USD,"Black,Blue,Green,Orange,Pink,Red,White,Yellow","10oz,12oz,14oz,16oz",https://muaythaij.com/cdn/shop/products/TKBGBL_02_177_3.jpg?v=1660973240&width=533,https://muaythaij.com//products/tkb-gloves-tkbgbl-02-leather-hook-and-loop-blend-02
163,INFIGHTSTYLE KICK PADS LEATHER  DOUBLE-STRAP,InFightStyle,Kick Pads,$164.00 USD,"White,Red,Black",,https://muaythaij.com/cdn/shop/files/image_4_300x_e8930f2a-95de-48f6-82b6-406a2c0d130b.jpg?v=1683607915&width=533,https://muaythaij.com//products/infightstyle-kick-pads-leather-premium
164,FAIRTEX SHORTS AB13 BOARD WILD,Fairtex,Shorts,$59.00 USD,,"S,M,L,XL",https://muaythaij.com/cdn/shop/products/fairtex-shorts-ab13.jpg?v=1660933677&width=533,https://muaythaij.com//products/fairtex-shorts-ab13-board-wild
165,TKB SHORTS TKTBS-228,TKB,Shorts,$42.00 USD,"Beige,Black,Khaki,White","S,M,L,XL,2XL",https://muaythaij.com/cdn/shop/products/TKTBS_231_BK_1.jpg?v=1660717029&width=533,https://muaythaij.com//products/tkb-shorts-tktbs-228
166,TKB SHORTS TKTBS-229,TKB,Shorts,$42.00 USD,"Black,Blue,Khaki,Purple,Red","S,M,L,XL,2XL",https://muaythaij.com/cdn/shop/products/TKTBS_232_BK_1.jpg?v=1660716825&width=533,https://muaythaij.com//products/tkb-shorts-tktbs-229
167,TKB SHORTS TKTBS-231,TKB,Shorts,$42.00 USD,,"S,M,L,XL,2XL",https://muaythaij.com/cdn/shop/products/TKTBS_231_1.jpg?v=1660715871&width=533,https://muaythaij.com//products/tkb-shorts-tktbs-231
168,TKB SHORTS TKTBS-232,TKB,Shorts,$42.00 USD,,"S,M,L,XL,2XL",https://muaythaij.com/cdn/shop/products/TKTBS_232_1.jpg?v=1660715648&width=533,https://muaythaij.com//products/tkb-shorts-tktbs-232
169,TKB SHORTS TKTBS-233,TKB,Shorts,$42.00 USD,,"S,M,L,XL,2XL",https://muaythaij.com/cdn/shop/products/TKTBS_233_1.jpg?v=1660715484&width=533,https://muaythaij.com//products/tkb-shorts-tktbs-233
170,TKB SHORTS TKTBS-234,TKB,Shorts,$42.00 USD,,"S,M,L,XL,2XL",https://muaythaij.com/cdn/shop/products/TKTBS_234_1.jpg?v=1660715366&width=533,https://muaythaij.com//products/tkb-shorts-tktbs-234
171,TKB SHORTS TKTBS-235,TKB,Shorts,$42.00 USD,,"S,M,L,XL,2XL",https://muaythaij.com/cdn/shop/products/TKTBS_235_F_1.jpg?v=1660715221&width=533,https://muaythaij.com//products/tkb-shorts-tktbs-235
172,TKB SHORTS TKTBS-236,TKB,Shorts,$42.00 USD,,"S,M,L,XL,2XL",https://muaythaij.com/cdn/shop/products/TKTBS_236_F_1.jpg?v=1660714931&width=533,https://muaythaij.com//products/tkb-shorts-tktbs-236
173,TKB SHORTS TKTBS-237,TKB,Shorts,$42.00 USD,,"S,M,L,XL,2XL",https://muaythaij.com/cdn/shop/products/TKTBS_237_1.jpg?v=1660713336&width=533,https://muaythaij.com//products/tkb-shorts-tktbs-237
174,TKB SHORTS TKTBS-238 WILD TIGER KING,TKB,Shorts,$42.00 USD,,"S,M,L,XL,2XL",https://muaythaij.com/cdn/shop/products/TKTBS_238_copy_1.jpg?v=1660713089&width=533,https://muaythaij.com//products/tkb-shorts-tktbs-238
175,TKB SHORTS TKTBS-239,TKB,Shorts,$42.00 USD,"Black,Red,Yellow","S,M,L,XL,2XL",https://muaythaij.com/cdn/shop/products/4_1.jpg?v=1660712812&width=533,https://muaythaij.com//products/tkb-shorts-tktbs-239
176,TKB SHORTS TKTBS-240,TKB,Shorts,$42.00 USD,,"S,M,L,XL,2XL",https://muaythaij.com/cdn/shop/products/1_1.jpg?v=1660712713&width=533,https://muaythaij.com//products/tkb-shorts-tktbs-240
177,TKB SHORTS TKTBS-241,TKB,Shorts,$42.00 USD,,"S,M,L,XL,2XL",https://muaythaij.com/cdn/shop/products/3_1.jpg?v=1660712628&width=533,https://muaythaij.com//products/tkb-shorts-tktbs-241
178,TKB SHORTS TKTBS-242 SKULL SKELETON DEATH,TKB,Shorts,$42.00 USD,,"S,M,L,XL,2XL",https://muaythaij.com/cdn/shop/products/2_1.jpg?v=1660712488&width=533,https://muaythaij.com//products/tkb-shorts-tktbs-242-skull-skeleton-death
179,TKB SHORTS TKTBS-243 DEATH STARE EYES,TKB,Shorts,$42.00 USD,,"S,M,L,XL,2XL",https://muaythaij.com/cdn/shop/products/6_1.jpg?v=1660682228&width=533,https://muaythaij.com//products/tkb-shorts-tktbs-243-death-stare-eyes
180,"TKB PUNCH MITTS TKFME FOCUS ""EXTREAM""",TKB,Boxing & MMA Punch Mitts,$102.00 USD,Red,,https://muaythaij.com/cdn/shop/products/tkb-focus-mitts.jpg?v=1660681002&width=533,https://muaythaij.com//products/tkb-punch-mitts-tkfme-focus-extream
181,TKB GLOVES TKBGSV LEATHER HOOK-AND-LOOP SUPER SINGLE TONE,TKB,Boxing Gloves & Mitts,From $80.00 USD,"Black,Blue,Pink,Red,White,Yellow","8oz,10oz,12oz,14oz,16oz",https://muaythaij.com/cdn/shop/products/TKBGSV_333_copy_1_1ae5c14f-98b5-49c7-9375-c2962fb2fb64.jpg?v=1660667656&width=533,https://muaythaij.com//products/tkb-gloves-tkbgsv-leather-hook-and-loop-super-single-tone
182,"FAIRTEX SHIN PROTECTION SP7 DETACHABLE IN-STEP PADS ""TWISTER""",Fairtex,Shin Protection,From $56.00 USD,"Black,Blue,Red,White,Yellow","S,M,L,XL",https://muaythaij.com/cdn/shop/products/sp7_red_2_3.jpg?v=1660631904&width=533,https://muaythaij.com//products/fairtex-shin-protection-sp7-detachable-in-step-pads-twister
183,INFIGHTSTYLE PUNCH MITTS FS SPEED FOCUS,InFightStyle,Boxing & MMA Punch Mitts,$139.99 USD,"Black,Blue,Red,White",,https://muaythaij.com/cdn/shop/products/image_2400x_852af9c0-2774-4560-b359-f006458ae7cb.jpg?v=1660501402&width=533,https://muaythaij.com//products/in-fight-style-fs-speed-mitts
184,LUMPINEE SHORTS RETRO REAL MUAY THAI PROFESSIONAL,Lumpinee,Shorts,From $31.00 USD,"Black,White","XS,S,M,L,XL,2XL,3XL,4XL,5XL,6XL",https://muaythaij.com/cdn/shop/products/lumpinee-shorts-retro-black_785525ce-a213-4e49-95b2-22c8ea29aee1.jpg?v=1659147443&width=533,https://muaythaij.com//products/lumpinee-shorts-retro-real-muay-thai-professional
185,FAIRTEX KIMONOS BJJ5 BJJ GI X ALMA LIMITED EDITION,Fairtex,Kimonos,$329.99 USD,,"With Packaging,A1,A2,A3,A4,Without Packaging",https://muaythaij.com/cdn/shop/products/bjj5_fairtex_alma_8_1_1_1598f88f-e2f3-4bf6-ac85-ac3c8ae18cf4.jpg?v=1658810521&width=533,https://muaythaij.com//products/fairtex-kimonos-bjj5-bjj-gi-x-alma-limited-edition
186,NATIONMAN ELBOW PROTECTION PADS ELASTIC,NationMan,Elbow Protection,$19.99 USD,"Black,Blue,Red",,https://muaythaij.com/cdn/shop/products/nationman-elbow-black01.jpg?v=1658782844&width=533,https://muaythaij.com//products/nationman-elbow-protection-pads-elastic
187,FAIRTEX GLOVES BGL7 LEATHER LACE-UP PRO TRAINING MEXICAN STYLE,Fairtex,Boxing Gloves & Mitts,From $85.00 USD,"Red,White","10oz,12oz,14oz,16oz",https://muaythaij.com/cdn/shop/products/bgl7_red_website_1__3.jpg?v=1658771245&width=533,https://muaythaij.com//products/fairtex-gloves-bgl7-leather-lace-up-pro-training-mexican-style
188,"TKB T-SHIRTS ""THE SPIRIT OF A FIGHTER""",Fairtex,Shirts & Tops,$25.00 USD,Black,"S,M,L,XL",https://muaythaij.com/cdn/shop/products/WhatsAppImage2022-07-20at2.41.01PM_b8ca8535-b63e-49cf-b3b1-f1a93ca9429d.jpg?v=1658339206&width=533,https://muaythaij.com//products/tkb-t-shirt-the-spirit-of-a-fighter
189,FAIRTEX BELLY PROTECTION BPV3 HOOK-AND-LOOP,Fairtex,Belly Protection,$61.00 USD,"Blue,Black,Red",,https://muaythaij.com/cdn/shop/products/bpv3_black_red_2__1_48a41a60-102c-451d-9f02-bf6e2aba5c50.jpg?v=1658165315&width=533,https://muaythaij.com//products/fairtex-belly-protection-bpv3-hook-and-loop
190,FAIRTEX GLOVES BGV11 MICROFIBER HOOK-AND-LOOP LIMITED EDITION F-DAY,Fairtex,Boxing Gloves & Mitts,From $71.00 USD,,"With Packaging,10oz,12oz,14oz,16oz,Without Packaging",https://muaythaij.com/cdn/shop/products/bgv11_f_day_01_1_2886db8c-486a-4964-aa63-98ebac538a55.jpg?v=1657904844&width=533,https://muaythaij.com//products/fairtex-gloves-bgv11-microfiber-hook-and-loop-limited-edition-f-day
191,INFIGHTSTYLE GLOVES SEMI LEATHER HOOK-AND-LOOP MUAY THAI BOXING PRO COMPACT,InFightStyle,Boxing Gloves & Mitts,$99.99 USD,,"Pastel Blue,White Trim,8oz,10oz,12oz,14oz,16oz,Pale Pink",https://muaythaij.com/cdn/shop/products/o37972a21453de155d90488d6763ca5e4_43328290_211130_0009_2400x_fe1601b8-afd8-416b-b58a-de19a732b837.jpg?v=1657814512&width=533,https://muaythaij.com//products/infightstyle-gloves-semi-leather-hook-and-loop-muay-thai-boxing-pro-compact-1
192,MONGKOL & PRAJIAT NAJA HEAD,N/A,MONGKOL & ARMBAND,$28.00 USD,"Black,Silver,Pink,Blue,Yellow","Golden,Thailand Flag",https://muaythaij.com/cdn/shop/files/WhatsAppImage2023-10-04at11.13.12.jpg?v=1696393181&width=533,https://muaythaij.com//products/mongkol-prajiat-naja-head
193,INFIGHTSTYLE BELLY PROTECTION SEMI LEATHER HOOK-AND-LOOP,InFightStyle,Belly Protection,$105.00 USD,,"Pale Purple,S,M,L,Pastel Green",https://muaythaij.com/cdn/shop/products/WhatsApp-Image-2022-05-10-at-5.36.53-AM_1_01da1ec0-60f8-4a75-a331-cc7b2cb86422.jpg?v=1657423406&width=533,https://muaythaij.com//products/infightstyle-belly-protection-semi-leather-hook-and-loop
194,FAIRTEX HEAD PROTECTION HG13LC LACE-UP DIAGONAL VISION SPARRING HEADGUARD,Fairtex,Head Protection,$89.00 USD,"Black,Blue,Red","M,L,XL",https://muaythaij.com/cdn/shop/products/hg13_black_red_1_1_bf7faf33-82a2-40c5-82b6-4b81b50941ce.jpg?v=1657486141&width=533,https://muaythaij.com//products/fairtex-head-protection-hg13lc-diagonal-vision-sparring-headguard-lace-up-head
195,FAIRTEX HEAD PROTECTION HG13FH FULL HEAD COVERAGE DIAGONAL VISION SPARRING HEADGUARD,Fairtex,Head Protection,$97.00 USD,"Black,Red,Yellow","M,L,XL",https://muaythaij.com/cdn/shop/products/hg13_black_red_01_1_1_d58bc6a5-e6ec-4fb0-a4b2-9f76afed7e8e.jpg?v=1657498510&width=533,https://muaythaij.com//products/fairtex-head-protection-hg13fh-diagonal-vision-sparring-headguard-full-head-coverage
196,FAIRTEX HEAD PROTECTION HG10 LACE-UP SUPER SPARRING HEADGUARD,Fairtex,Head Protection,From $79.00 USD,"Black,White","M,L,XL",https://muaythaij.com/cdn/shop/products/hg10_whiteblack-1_1_1.jpg?v=1657132332&width=533,https://muaythaij.com//products/fairtex-head-protection-hg10-super-sparring-headguard
197,FAIRTEX HEAD PROTECTION HG6 FULL HEAD COVERAGE MUAY THAI COMPETITION HEADGUARD,Fairtex,Head Protection,From $86.00 USD,"Black,Blue,Red","M,X,XL",https://muaythaij.com/cdn/shop/products/hg6_blue_1__1.jpg?v=1657130887&width=533,https://muaythaij.com//products/fairtex-head-protection-hg6-muay-thai-competition-headguard
198,FAIRTEX HEAD PROTECTION HG3 LACE-UP FULL COVERAGE STYLE HEADGUARD,Fairtex,Head Protection,From $79.00 USD,"Black,Blue,Red","M,L,XL",https://muaythaij.com/cdn/shop/products/hg3_red_01_2_1_5861062e-e2c0-4fd7-96e1-2909b77719b7.jpg?v=1657498578&width=533,https://muaythaij.com//products/fairtex-head-protection-hg3-full-coverage-style-headguard
199,FAIRTEX HEAD PROTECTION HG9 FULL HEAD COVERAGE MUAY THAI & KICKBOXING COMPETITION HEADGUARD,Fairtex,Head Protection,From $76.00 USD,"Black,Blue,Red,White","M,L,XL",https://muaythaij.com/cdn/shop/products/hg9_black_01_1_1.jpg?v=1657127781&width=533,https://muaythaij.com//products/fairtex-head-protection-hg9-muay-thai-kickboxing-competition-headguard
200,FAIRTEX HEAD PROTECTION HG14 FULL FACE PROTECTOR HEADGUARD,Fairtex,Head Protection,$106.00 USD,"Black,Blue,Red,White,Yellow","M,L,XL",https://muaythaij.com/cdn/shop/products/hg14_red_1_1_1.jpg?v=1657127242&width=533,https://muaythaij.com//products/fairtex-head-protection-hg14-full-face-protector-headguard
201,FAIRTEX GLOVES BGV1 LEATHER HOOK-AND-LOOP DARK CLOUD,Fairtex,Boxing Gloves & Mitts,From $82.00 USD,,"10oz,12oz,14oz,16oz",https://muaythaij.com/cdn/shop/products/bgv1_darkcloud_website_1_1__1.jpg?v=1657088635&width=533,https://muaythaij.com//products/fairtex-gloves-bgv1-leather-hook-and-loop-dark-cloud
202,FAIRTEX GLOVES BGV6 LEATHER HOOK-AND-LOOP STYLISH ANGULAR SPARRING LOCKED THUMB,Fairtex,Boxing Gloves & Mitts,From $79.00 USD,"Black,White,Red,Blue,Yellow","10oz,12oz,14oz,16oz",https://muaythaij.com/cdn/shop/products/bgv6_red_white_01_2_1_45997777-b34e-412f-88f0-294b8b435870.jpg?v=1657487400&width=533,https://muaythaij.com//products/fairtex-gloves-bgv6-leather-hook-and-loop-stylish-angular-sparring-locked-thumb
203,FAIRTEX GROIN PROTECTION GC2 STEEL CUP,Fairtex,Groin Protection,$29.00 USD,"Black,Blue,Red","S,M,L,XL",https://muaythaij.com/cdn/shop/products/gc2_black_01_1_73e0d786-6011-407a-a264-bc9199d041d3.jpg?v=1657498393&width=533,https://muaythaij.com//products/fairtex-groin-protection-gc2-steel-cup
204,FAIRTEX LUGGAGE BAGS BAG9 - BARREL BAG,Fairtex,Duffel Bags,$58.00 USD,Purple,Dark Cyan,https://muaythaij.com/cdn/shop/products/bag9-purple-1_2.jpg?v=1657036231&width=533,https://muaythaij.com//products/fairtex-bags-bag9-barrel-bag
205,FAIRTEX GLOVES BGV13 MICROFIBER HOOK-AND-LOOP COACH SPARRING,Fairtex,Boxing Gloves & Mitts,$72.00 USD,"Black,Red,Blue",,https://muaythaij.com/cdn/shop/products/bgv13_black_red_website_1__1_1.jpg?v=1656949315&width=533,https://muaythaij.com//products/fairtex-gloves-bgv13-microfiber-hook-and-loop-coach-sparring
206,FAIRTEX BODY PROTECTION TV2 TRAINER VEST,Fairtex,Body Protection,$136.00 USD,"Red,Yellow",,https://muaythaij.com/cdn/shop/products/tv2_red_02.jpg?v=1656948228&width=533,https://muaythaij.com//products/fairtex-body-protection-tv2-trainer-vest
207,FAIRTEX SHORTS BS MUAY THAI BOXING X URFACE,Fairtex,Shorts,$55.00 USD,,"S,M,L,XL,2XL",https://muaythaij.com/cdn/shop/products/bspremium_-_urface_01_5_1.jpg?v=1656922064&width=533,https://muaythaij.com//products/fairtex-shorts-bs-muay-thai-boxing-x-urface
208,INFIGHTSTYLE SHORTS FS CLASSIC,InFightStyle,Shorts,$55.00 USD,Black,"XS,S,M,L,XL,2XL,3XL,Dark Red,Grape,Navy Blue,Neon Green,Olive Green",https://muaythaij.com/cdn/shop/products/o37972a21453de155d90488d6763ca5e4_46651829_211029_0067_2400x_1c1d7fa8-a574-4e5f-a7f6-c8b1f83af861.jpg?v=1656902844&width=533,https://muaythaij.com//products/infightstyle-shorts-fs-classic
209,LUMPINEE SHORTS RETRO LUMRTO-003 REAL MUAY THAI PROFESSIONAL – CARBON,Lumpinee,Shorts,From $31.00 USD,"Black,Orange","XS,S,M,L,XL,2XL,3XL,4XL,5XL,6XL",https://muaythaij.com/cdn/shop/products/WhatsAppImage2022-07-04at8.19.35AM_1_dc0faeeb-11a6-4192-8c9c-7f167ee19db6.jpg?v=1657821703&width=533,https://muaythaij.com//products/lumpinee-shorts-lumrto-003-real-muay-thai-professional-carbon
210,CLASSIC W BELLY PROTECTION LEATHER BUCKLE PREMIUM TRADITIONAL,Classic W,Belly Protection,$136.00 USD,Brown,,https://muaythaij.com/cdn/shop/files/WhatsAppImage2023-06-24at08.21.06.jpg?v=1687613444&width=533,https://muaythaij.com//products/classic-w-belly-protection-leather-buckle-premium-traditional
211,CLASSIC W GLOVES LEATHER BAG-PUNCHING PREMIUM TRADITIONAL,Classic W,Boxing Gloves & Mitts,$71.00 USD,"Red,Black,White","S,M,L,XL",https://muaythaij.com/cdn/shop/files/WhatsAppImage2023-06-24at08.36.06.jpg?v=1687613323&width=533,https://muaythaij.com//products/classic-w-gloves-leather-bag-punching-premium-traditional
212,CLASSIC W PUNCH MITTS LEATHER PREMIUM TRADITIONAL,Classic W,Boxing & MMA Punch Mitts,$115.00 USD,"Brown,Black",,https://muaythaij.com/cdn/shop/products/WhatsAppImage2022-07-03at12.44.54PM_1_81d6fdfb-31bf-4015-92c2-4790048cbfab.jpg?v=1657560247&width=533,https://muaythaij.com//products/classic-w-punch-mitts-leather-premium-traditional
213,CLASSIC W KICK PADS LEATHER PREMIUM TRADITIONAL,Classic W,Kick Pads,$150.00 USD,,"Single Strap,Double Strap",https://muaythaij.com/cdn/shop/files/image_f46de96a-46f4-4fa8-bec3-85bade84cad3.jpg?v=1687927301&width=533,https://muaythaij.com//products/classic-w-kick-pads-leather-premium-traditional
214,FAIRTEX PUNCH MITTS FMV15 MICROFIBER SPEED & ACCURACY FOCUS,Fairtex,Boxing & MMA Punch Mitts,$79.00 USD,"Black,Yellow",,https://muaythaij.com/cdn/shop/products/fmv15_1__1_d6f5b2e4-265b-4a62-89e0-43718c24740e.jpg?v=1657560293&width=533,https://muaythaij.com//products/fairtex-punch-mitts-fmv15-microfiber-speed-accuracy-focus
215,FAIRTEX PUNCH MITTS FMV9 THE ULTIMATE CONTOURED FOCUS,Fairtex,Boxing & MMA Punch Mitts,$109.95 USD,"Black,Blue,Red,White,Pink,Maroon,Yellow",,https://muaythaij.com/cdn/shop/products/fmv9_red_white_1_1_1.jpg?v=1656741663&width=533,https://muaythaij.com//products/fairtex-punch-mitts-fmv9-the-ultimate-contoured-focus
216,FAIRTEX KICK PADS KPLS2 LEATHER HOOK-AND-LOOP SUPERIOR CURVED,Fairtex,Kick Pads,$148.00 USD,"Black,White",Standard,https://muaythaij.com/cdn/shop/products/kpls2_02_1_b7824e5d-d405-4e24-b3f4-b826d900ff2b.jpg?v=1657560165&width=533,https://muaythaij.com//products/fairtex-kick-pads-kpls2-leather-hook-and-loop-superior-curved
217,FAIRTEX SHORTS BS1701,Fairtex,Shorts,$35.00 USD,,"XS,S,M,L,XL,2XL,3XL",https://muaythaij.com/cdn/shop/products/bs1701_yellow_01_81e2e2d2-94f2-45a2-bd6d-aded9d15b5e4.jpg?v=1657560329&width=533,https://muaythaij.com//products/fairtex-shorts-bs1701
218,FAIRTEX SHORTS BS1702,Fairtex,Shorts,$35.00 USD,,"XS,S,M,L,XL,2XL,3XL",https://muaythaij.com/cdn/shop/products/bs1702_blue_01_7f209817-d3cf-40e1-8f99-2db7e6cf4986.jpg?v=1657560356&width=533,https://muaythaij.com//products/fairtex-shorts-bs1702
219,FAIRTEX SHORTS BS1703 RED / BLACK,Fairtex,Shorts,$35.00 USD,,"XS,S,M,L,XL,2XL,3XL",https://muaythaij.com/cdn/shop/products/bs1703_red_black_01_7b4f0bd4-2d3c-4fea-9a93-4f9e7fff342a.jpg?v=1657560391&width=533,https://muaythaij.com//products/fairtex-shorts-bs1703-red-black
220,FAIRTEX SHORTS BS1704 RED / WHITE,Fairtex,Shorts,$35.00 USD,,"XS,S,M,L,XL,2XL,3XL",https://muaythaij.com/cdn/shop/products/bs1704_red_black_01_06890f4e-9e23-4af4-bf7d-0d44313c06e3.jpg?v=1657560416&width=533,https://muaythaij.com//products/fairtex-shorts-bs1704-red-white
221,FAIRTEX SHORTS BS1705 ORANGE,Fairtex,Shorts,$35.00 USD,,"XS,S,M,L,XL,2XL,3XL",https://muaythaij.com/cdn/shop/products/bs1705_orange_01_4_ee8395fc-645f-4b18-90f7-5474b5f0f653.jpg?v=1657560457&width=533,https://muaythaij.com//products/fairtex-shorts-bs1705-orange
222,FAIRTEX SHORTS BS1707 WHITE,Fairtex,Shorts,$35.00 USD,,"XS,S,M,L,XL,2XL,3XL",https://muaythaij.com/cdn/shop/products/bs1707_white_01_c2c2f7d8-25fb-4d11-aa90-f118cfab0b92.jpg?v=1657560512&width=533,https://muaythaij.com//products/fairtex-shorts-bs1707-white
223,FAIRTEX SHORTS BS1709 LEOPARD,Fairtex,Shorts,$35.00 USD,,"XS,S,M,L,XL,2XL,3XL",https://muaythaij.com/cdn/shop/products/bs1709_leo_01_ca0049c3-6192-4bd3-8818-057502618fc7.jpg?v=1657560582&width=533,https://muaythaij.com//products/fairtex-shorts-bs1709-leopard
224,FAIRTEX SHORTS BS1713 TRIBAL,Fairtex,Shorts,$35.00 USD,,"XS,S,M,L,XL,2XL,3XL",https://muaythaij.com/cdn/shop/products/bs1713_01_6e37033b-ba3f-4448-bc86-d08a73910ecc.jpg?v=1657560675&width=533,https://muaythaij.com//products/fairtex-shorts-bs1713-tribal
225,FAIRTEX SHORTS BS1714 SHOCKING PINK,Fairtex,Shorts,$35.00 USD,,"XS,S,M,L,XL,2XL,3XL",https://muaythaij.com/cdn/shop/products/bs1714_01_aaacbd3d-1b76-4b44-ba43-72ae19a0db98.jpg?v=1657560696&width=533,https://muaythaij.com//products/fairtex-shorts-bs1714-shocking-pink
226,FAIRTEX SHORTS BS1904 BS1905 BS1906 MUAY THAI BOXING FADE,Fairtex,Shorts,$35.00 USD,,"BS1904 Maroon,XS,S,M,L,XL,2XL,3XL,BS1905 Blue,BS1906 Green",https://muaythaij.com/cdn/shop/products/bs1905_website_1_8c933496-bb43-4414-b038-18b19248bb40.jpg?v=1657492483&width=533,https://muaythaij.com//products/fairtex-shorts-bs1904-bs1905-bs1906-muay-thai-boxing-fade
227,FAIRTEX KICK PADS KPLC5 MICROFIBER HOOK-AND-LOOP CURVED,Fairtex,Kick Pads,$115.00 USD,"Black,Yellow,Red",Standard,https://muaythaij.com/cdn/shop/products/kplc5-2_1_76a40f87-3980-4164-9b2a-d86fe067ddc7.jpg?v=1657560773&width=533,https://muaythaij.com//products/fairtex-kick-pads-kplc5-microfiber-hook-and-loop-curved
228,FAIRTEX KICK PADS KPLC6 MICROFIBER HOOK-AND-LOOP CURVED,Fairtex,Kick Pads,$105.00 USD,"Black,White,Red,Yellow",S,https://muaythaij.com/cdn/shop/products/kplc6_03_1_f745e921-1a0e-4153-8cc8-bf2b3eb3c56c.jpg?v=1657560816&width=533,https://muaythaij.com//products/fairtex-kick-pads-kplc6-microfiber-hook-and-loop-curved
229,FAIRTEX BODY PROTECTION SYNTHETIC LEATHER SHIELD,Fairtex,Body Protection,$310.00 USD,"Black,Blue,Red",,https://muaythaij.com/cdn/shop/products/lkp3_red_2_1.jpg?v=1656648165&width=533,https://muaythaij.com//products/fairtex-body-protection-synthetic-leather-shield
230,FAIRTEX SHORTS BS1903 BS1907 MUAY THAI BOXING FOCUS,Fairtex,Shorts,$35.00 USD,,"BS1903,XS,S,M,L,XL,2XL,3XL,BS1907",https://muaythaij.com/cdn/shop/products/bs1903_1__6_1_5faceae7-732a-4108-9494-632044e0d4c1.jpg?v=1657492531&width=533,https://muaythaij.com//products/fairtex-shorts-bs1903-muay-thai-boxing-focus
231,FAIRTEX SHORTS BS1901 BS1902 MUAY THAI BOXING STEALTH,Fairtex,Shorts,$35.00 USD,,"BS1901,XS,S,M,L,XL,2XL,3XL,BS1902",https://muaythaij.com/cdn/shop/products/bs1901_01_7f59449b-810b-47ac-a858-2030b11464f3.jpg?v=1657492601&width=533,https://muaythaij.com//products/fairtex-shorts-bs1902-muay-thai-boxing-pink-green
232,FAIRTEX SHORTS BS1911 MUAY THAI BOXING - PINK / GREEN,Fairtex,Shorts,$35.00 USD,,"XS,S,M,L,XL,2XL,3XL",https://muaythaij.com/cdn/shop/products/bs1911_1__1_7532084f-53d2-4ca5-9047-ed0c3bde68cb.jpg?v=1657560909&width=533,https://muaythaij.com//products/fairtex-shorts-bs1911-muay-thai-boxing-pink-green
233,FAIRTEX SHORTS BS1912 MUAY THAI BOXING KABUKI,Fairtex,Shorts,$35.00 USD,,"XS,S,M,L,XL,2XL,3XL",https://muaythaij.com/cdn/shop/products/bs1908_black_satoru_collection_website_1__1_e88f45d2-36d9-47dd-b2b0-4b26e8e9f082.jpg?v=1657560978&width=533,https://muaythaij.com//products/fairtex-shorts-bs1912-muay-thai-boxing-kabuki
234,FAIRTEX GLOVES BGV25 MICROFIBER HOOK-AND-LOOP F-DAY 2 LIMITED EDITION,Fairtex,Boxing Gloves & Mitts,$75.00 USD,,"Box,10oz,12oz,14oz,16oz",https://muaythaij.com/cdn/shop/products/f-day_2_2_5907ceb1-97af-4829-9cb5-84e519210981.jpg?v=1657488103&width=533,https://muaythaij.com//products/fairtex-gloves-bgv25-microfiber-hook-and-loop-f-day-2-limited-edition
235,FAIRTEX GLOVES BGV1 LEATHER HOOK-AND-LOOP X ONE,Fairtex,Boxing Gloves & Mitts,$107.00 USD,"Black,Blue,Red,White","10oz,12oz,14oz,16oz",https://muaythaij.com/cdn/shop/products/fairtex-cobrand-one-red-website-_1__1.jpg?v=1656605943&width=533,https://muaythaij.com//products/fairtex-gloves-bgv1-leather-hook-and-loop-x-one
236,FAIRTEX GLOVES BGV LEATHER HOOK-AND-LOOP PREMIUM ONE X MR SABOTAGE,Fairtex,Boxing Gloves & Mitts,$127.00 USD,,"Nylon Bag,10oz,12oz,14oz,16oz",https://muaythaij.com/cdn/shop/products/bgv-premium_one_x_mr._sabotage_01_6e0eef74-3863-439b-adab-163bdfee0735.jpg?v=1657488869&width=533,https://muaythaij.com//products/fairtex-gloves-bgv-leather-hook-and-loop-premium-one-x-mr-sabotage
237,FAIRTEX GLOVES BGV5 LEATHER HOOK-AND-LOOP LOCKED THUMB SPARRING THREE-COLOR,Fairtex,Boxing Gloves & Mitts,From $79.00 USD,"Black,White,Red","10oz,12oz,14oz,16oz,18oz",https://muaythaij.com/cdn/shop/products/bgv5_black_white_red_01.jpg?v=1656602814&width=533,https://muaythaij.com//products/fairtex-gloves-bgv5-leather-hook-and-loop-locked-thumb-sparring-three-color
238,FAIRTEX GLOVES BGV5 LEATHER HOOK-AND-LOOP LOCKED THUMB SPARRING ONE-COLOR,Fairtex,Boxing Gloves & Mitts,From $70.00 USD,"Black,Blue,Red,White","10oz,12oz,14oz,16oz,18oz",https://muaythaij.com/cdn/shop/products/bgv5_black_01.jpg?v=1656602174&width=533,https://muaythaij.com//products/fairtex-gloves-bgv5-leather-hook-and-loop-locked-thumb-sparring-one-color
239,INFIGHTSTYLE PRO SHIN PROTECTION SEMI HOOK-AND-LOOP,InFightStyle,Shin Protection,$99.99 USD,"Blue,Green,White,Navy,Pink,Red,Silver,Black,Yellow","S,M,L,XL,Light Blue,Pale Green,Pale Purple",https://muaythaij.com/cdn/shop/products/o37972a21453de155d90488d6763ca5e4_46651829_211029_0032_2400x_54772f95-e78b-46cc-949d-80d002182fab.jpg?v=1657499424&width=533,https://muaythaij.com//products/infightstyle-pro-shin-protection-semi
240,FAIRTEX GLOVES BGV-PREMIUM LEATHER HOOK-AND-LOOP RESURRECTION TOM ATENCIO,Fairtex,Boxing Gloves & Mitts,From $166.00 USD,,"Showcase Pyramid Box,10oz,12oz,14oz,16oz,Nylon Bag",https://muaythaij.com/cdn/shop/products/fairtex_aztec_gods_gloves_01_3_2_860811a2-773c-44ed-8fca-4ecbe79a5ed2.jpg?v=1657489282&width=533,https://muaythaij.com//products/fairtex-gloves-bgv-premium-leather-resurrection-tom-atencio
241,INFIGHTSTYLE GLOVES LEATHER LACE-UP MUAY THAI BOXING PRO,InFightStyle,Boxing Gloves & Mitts,$109.99 USD,"Beige,Black,Blue,Red,White","8oz,10oz,12oz,14oz,16oz,Teal",https://muaythaij.com/cdn/shop/products/image_b412145a-5429-4418-a077-1b985ac828ef.webp?v=1660978474&width=533,https://muaythaij.com//products/infightstyle-gloves-leather-lace-up-muay-thai-boxing-pro
242,FAIRTEX GLOVES BGV-PREMIUM MICROFIBER HOOK-AND-LOOP X URFACE,Fairtex,Boxing Gloves & Mitts,$189.99 USD,,"With Packaging,10oz,12oz,14oz,16oz,Without Packaging",https://muaythaij.com/cdn/shop/products/bgvpremium_-_urface_01_6_92_1_177257ce-4afd-48c9-aebf-4accb10bc8a9.jpg?v=1657490879&width=533,https://muaythaij.com//products/fairtex-gloves-bgv-premium-microfiber-hook-and-loop-urface-x
243,FAIRTEX GLOVES BGV26 LEATHER HOOK-AND-LOOP HARMONY SIX BOXING,Fairtex,Boxing Gloves & Mitts,From $97.00 USD,,"With Packaging,10oz,12oz,14oz,16oz,Without Packaging",https://muaythaij.com/cdn/shop/products/bgv26-chinese-gloves-website-02_5_1_4c6e9bae-2b44-43b1-b29a-f6bc5d8c6c15.jpg?v=1657491004&width=533,https://muaythaij.com//products/fairtex-gloves-bgv26-leather-hook-and-loop-harmony-six-boxing
244,FAIRTEX GLOVES BGV-PREMIUM MICROFIBER HOOK-AND-LOOP 50TH GOLDEN JUBILEE,Fairtex,Boxing Gloves & Mitts,$136.00 USD,,"10oz,12oz,14oz,16oz",https://muaythaij.com/cdn/shop/products/bgv-premium-golden-jubilee-website-01_1_1.jpg?v=1656482394&width=533,https://muaythaij.com//products/fairtex-gloves-bgv-premium-microfiber-hook-and-loop-50th-golden-jubilee
245,FAIRTEX GLOVES BGV1 LEATHER HOOK-AND-LOOP TIGHT-FIT UNIVERSAL FLAG,Fairtex,Boxing Gloves & Mitts,From $67.00 USD,,"Australia Flag,10oz,12oz,14oz,16oz,Thailand Flag,USA Flag",https://muaythaij.com/cdn/shop/products/bgv1_thai_pride_01_1_1_2ac99a67-b4cc-404a-acf0-a4364e655e0e.jpg?v=1657491150&width=533,https://muaythaij.com//products/fairtex-gloves-bgv1-leather-hook-and-loop-tight-fit-universal-flag
246,INFIGHTSTYLE SHORTS MUAY THAI FS PREMIUM IVY RETRO,InFightStyle,Shorts,$55.00 USD,"Black,Blue,Gray,Green,Purple,Red,White","XS,S,M,L,XL,2XL,3XL,Golden",https://muaythaij.com/cdn/shop/products/image_d34e4ca3-7cc4-4c19-87db-9481415ff62b.webp?v=1657492771&width=533,https://muaythaij.com//products/infightstyle-shorts-muay-thai-fs-premium-ivy-retro
247,FAIRTEX GLOVES BGV1 LEATHER HOOK-AND-LOOP TIGHT-FIT UNIVERSAL BREATHABLE SOLID COLOR,Fairtex,Boxing Gloves & Mitts,From $67.00 USD,"Black,Blue,Pink,Red,White,Yellow","4oz,6oz,8oz,10oz,12oz,14oz,16oz,18oz",https://muaythaij.com/cdn/shop/products/bgv1_breatheble_red_website_1_1_0971b486-5b43-465c-a3c2-237ad5b01b87.jpg?v=1657486247&width=533,https://muaythaij.com//products/fairtex-gloves-bgv1-leather-hook-and-loop-tight-fit-universal-breathable-solid-color
248,FAIRTEX SHORTS BS1913 MUAY THAI TONNA,Fairtex,Shorts,$35.00 USD,,"XS,S,M,L,XL,2XL,3XL",https://muaythaij.com/cdn/shop/products/bs1913-website-1_1_1ab486ff-553c-4224-8669-a5d23d8ad8a8.jpg?v=1657561085&width=533,https://muaythaij.com//products/fairtex-shorts-bs1913-muay-thai-tonna
249,FAIRTEX SHORTS BS1915 MUAY THAI CLUBBER,Fairtex,Shorts,$35.00 USD,,"XS,S,M,L,XL,2XL,3XL",https://muaythaij.com/cdn/shop/products/bs1915-05_1_003c1269-9035-42a3-94e4-2d124264195d.jpg?v=1657561133&width=533,https://muaythaij.com//products/fairtex-shorts-bs1915-muay-thai-clubber
250,FAIRTEX SHORTS BS1908 BS1909 MUAY THAI SATORU COLLECTION,Fairtex,Shorts,$35.00 USD,,"1908,XS,S,M,L,XL,2XL,3XL,1909",https://muaythaij.com/cdn/shop/products/bs1909_gray_satoru_collection_website_1_a11baf96-64b8-4eb4-9173-9d4932b37332.jpg?v=1657493873&width=533,https://muaythaij.com//products/fairtex-shorts-bs1917-golden-jubilee-solid
251,INFIGHTSTYLE SHORTS MUAY THAI RETRO BOUQUET PALMS TREES FLOWERS,InFightStyle,Shorts,$55.00 USD,,"Bliss,S,M,L,XL,2XL,Bouquet,Palms,Sunshine",https://muaythaij.com/cdn/shop/products/bouquet_front_2400x_1.jpg?v=1657496958&width=533,https://muaythaij.com//products/infightstyle-shorts-muay-thai-retro-palms-trees-flowers
252,INFIGHTSTYLE SHORTS MUAY THAI RETRO ROSE FLOWERS,InFightStyle,Shorts,$55.00 USD,,"Iris,S,M,L,XL,2XL,Fuschia Flower,Cyan Rose,Sepia",https://muaythaij.com/cdn/shop/products/Short_2021_3_16_210319_0024_2400x_1.jpg?v=1657497481&width=533,https://muaythaij.com//products/infightstyle-shorts-muay-thai-retro-palms-trees-and-flowers
253,LUMPINEE SHORTS TRADITIONAL MUAY THAI CLASSIC,Lumpinee,Shorts,From $31.00 USD,"Blue,Red","XS,S,M,L,XL,2XL,3XL,4XL,5XL,6XL",https://muaythaij.com/cdn/shop/files/WhatsAppImage2023-10-04at11.41.21_bd686527-baa4-491d-a6e0-bb1933fed951.jpg?v=1696396339&width=533,https://muaythaij.com//products/lumpinee-shorts-muay-thai-classic
254,LUMPINEE SHORTS RETRO MUAY THAI BOXING LIMITED MR UNIVERSE THAILAND 2019,Lumpinee,Shorts,From $31.00 USD,"Black,White","XS,S,M,L,XL,2XL,3XL,4XL,5XL,6XL",https://muaythaij.com/cdn/shop/products/LUMPINEE-SHORTS-MRUNIVERSETHAILAND2019-BLACK_018d3403-82dd-4194-bdf8-885c52ca9687.jpg?v=1671159660&width=533,https://muaythaij.com//products/lumpinee-shorts-muay-thai-boxing-limited-mr-universe-thailand-2019
255,LUMPINEE SHORTS TRADITIONAL LUM REAL MUAY THAI PROFESSIONAL,Lumpinee,Shorts,From $31.00 USD,"Black,Blue,White","XS,S,M,L,XL,2XL,3XL,4XL,5XL,6XL",https://muaythaij.com/cdn/shop/files/WhatsAppImage2023-06-24at08.15.30_d5eb08f4-dc24-4135-87cd-f1cc3e51cff4.jpg?v=1687615020&width=533,https://muaythaij.com//products/lumpinee-shorts-lum-real-muay-thai-professional-1
256,LUMPINEE SHORTS TRADITIONAL LUM REAL MUAY THAI PROFESSIONAL,Lumpinee,Shorts,From $31.00 USD,"Black,Blue,Green,Pink,Red,White","XS,S,M,L,XL,2XL,3XL,4XL,5XL,6XL",https://muaythaij.com/cdn/shop/files/WhatsAppImage2023-06-24at08.15.34_2_93010622-7cbd-43b5-bf27-84a1053fd0a7.jpg?v=1687613039&width=533,https://muaythaij.com//products/lumpinee-shorts-lum-real-muay-thai-professional
257,LUMPINEE SHORTS TRADITIONAL LUM-036 REAL MUAY THAI PROFESSIONAL,Lumpinee,Shorts,From $31.00 USD,"Black,White","XS,S,M,L,XL,2XL,3XL,4XL,5XL,6XL",https://muaythaij.com/cdn/shop/products/image_e6866322-7e2c-4076-8be1-3ef02dba616f.webp?v=1657820684&width=533,https://muaythaij.com//products/lumpinee-shorts-lum-036-real-muay-thai-professional
258,LUMPINEE SHORTS RETRO LUM-045 REAL MUAY THAI PROFESSIONAL,Lumpinee,Shorts,From $31.00 USD,"Orange,Red","Light blue,XS,S,M,L,XL,2XL,3XL,4XL,5XL,6XL",https://muaythaij.com/cdn/shop/files/WhatsAppImage2023-10-04at10.38.05_d9fff4ec-c319-4e88-b2f4-a8f1f715d54b.jpg?v=1696391991&width=533,https://muaythaij.com//products/lumpinee-shorts-lum-045-real-muay-thai-professional
259,LUMPINEE SHORTS RETRO LUMRTO-003 REAL MUAY THAI PROFESSIONAL – CAMOUFLAGE,Lumpinee,Shorts,From $31.00 USD,"Gray,Green","XS,S,M,L,XL,2XL,3XL,4XL,5XL,6XL",https://muaythaij.com/cdn/shop/products/LUMPINEE-SHORTS-LUMRTO003_CAMOUFLAGE-GREEN_48cd6cdb-503b-460b-b5d3-039118775f6d.jpg?v=1671220874&width=533,https://muaythaij.com//products/lumpinee-shorts-lumrto-003-real-muay-thai-professional-camouflage
260,LUMPINEE SHORTS RETRO LUMRTO-005 REAL MUAY THAI PROFESSIONAL,Lumpinee,Shorts,From $31.00 USD,"Black,Blue,Red,White","XS,S,M,L,XL,2XL,3XL,4XL,5XL,6XL",https://muaythaij.com/cdn/shop/products/image_bc8fad89-f76f-4e06-8a69-aa64797ae3e3.webp?v=1657820247&width=533,https://muaythaij.com//products/lumpinee-shorts-lumrto-005-real-muay-thai-professional
261,LUMPINEE SHORTS RETRO LUMRTO-004 REAL MUAY THAI PROFESSIONAL,Lumpinee,Shorts,From $31.00 USD,"Black,Blue,Green,Red,Yellow","XS,S,M,L,XL,2XL,3XL,4XL,5XL,6XL",https://muaythaij.com/cdn/shop/products/image_2c473dfb-2e67-4090-82f5-7eaf4e437420.webp?v=1657820280&width=533,https://muaythaij.com//products/lumpinee-shorts-lumrto-004-real-muay-thai-professional
262,LUMPINEE SHORTS RETRO LUMRTO-010 REAL MUAY THAI PROFESSIONAL VIPER,Lumpinee,Shorts,From $31.00 USD,"Green,Orange","XS,S,M,L,XL,2XL,3XL,4XL,5XL,6XL",https://muaythaij.com/cdn/shop/products/image_f05898a6-d68d-436b-930d-4b0cfecaf4ca.webp?v=1657862753&width=533,https://muaythaij.com//products/lumpinee-shorts-lumrto-010-real-muay-thai-professional-viper
263,LUMPINEE SHORTS RETRO LUM-023 REAL MUAY THAI PROFESSIONAL,Lumpinee,Shorts,From $31.00 USD,"Black,Blue,Green,Orange,Purple,Red","XS,S,M,L,XL,2XL,3XL,4XL,5XL,6XL",https://muaythaij.com/cdn/shop/files/LUMPINEESHORTSLUM-023REALMUAYTHAIPROFESSIONAL-purple_8aea4b28-8784-486e-80ae-f5e0a1d61e23.jpg?v=1683272525&width=533,https://muaythaij.com//products/lumpinee-shorts-lum-023-real-muay-thai-professional
